;             
CREATE USER IF NOT EXISTS "SA" SALT 'e9a89f25f7380ade' HASH '5a2a5752b5177c1e42494f887f41bcdb2b131a3f546767b1a72431c0c31722d5' ADMIN;         
CREATE CACHED TABLE "PUBLIC"."TB_ACCOUNT"(
    "OID" CHAR(36) NOT NULL,
    "ACCOUNT" VARCHAR(24) NOT NULL,
    "PASSWORD" VARCHAR(255) NOT NULL,
    "ON_JOB" VARCHAR(50) DEFAULT 'Y' NOT NULL,
    "CUSERID" VARCHAR(24) DEFAULT NULL,
    "CDATE" DATETIME DEFAULT NULL,
    "UUSERID" VARCHAR(24) DEFAULT NULL,
    "UDATE" DATETIME DEFAULT NULL
);             
ALTER TABLE "PUBLIC"."TB_ACCOUNT" ADD CONSTRAINT "PUBLIC"."CONSTRAINT_D" PRIMARY KEY("OID");  
-- 3 +/- SELECT COUNT(*) FROM PUBLIC.TB_ACCOUNT;              
INSERT INTO "PUBLIC"."TB_ACCOUNT" VALUES
('0', 'admin', '$2y$12$Q4x02Q0WKHWXAQ.NoGCs8ObX4sac890xeRnaNUxNnz/VEiHWazIp.', 'Y', 'admin', TIMESTAMP '2012-11-11 10:56:23', 'admin', TIMESTAMP '2014-04-19 11:32:04'),
('35e519e6-0519-11eb-b8a3-c3b14d895892', 'bill', '$2a$10$hoLMhZm3flf.0NT7uRpJXOLgt.etn3qQGoMiGyJ/FK.y9IfMGRdWm', 'Y', 'admin', TIMESTAMP '2020-10-03 01:39:00', NULL, NULL),
('4e55828a-0519-11eb-b8a3-95bcbb641f0b', 'frank', '$2a$10$76MsPuFnP78HKk87YSw3deOUioOUFjfN1xy2GIcKJcImNNq6gyOEi', 'Y', 'admin', TIMESTAMP '2020-10-03 01:39:41', NULL, NULL);               
CREATE CACHED TABLE "PUBLIC"."TB_ROLE"(
    "OID" CHAR(36) NOT NULL,
    "ROLE" VARCHAR(50) NOT NULL,
    "DESCRIPTION" VARCHAR(500) NOT NULL,
    "CUSERID" VARCHAR(24) NOT NULL,
    "CDATE" DATETIME NOT NULL,
    "UUSERID" VARCHAR(50) DEFAULT NULL,
    "UDATE" DATETIME DEFAULT NULL
);        
ALTER TABLE "PUBLIC"."TB_ROLE" ADD CONSTRAINT "PUBLIC"."CONSTRAINT_D1" PRIMARY KEY("OID");    
-- 3 +/- SELECT COUNT(*) FROM PUBLIC.TB_ROLE; 
INSERT INTO "PUBLIC"."TB_ROLE" VALUES
('4b1796ad-0bb7-4a65-b45e-439540ba5dbd', 'admin', 'administrator role!', 'admin', TIMESTAMP '2014-10-09 15:02:24', NULL, NULL),
('58914623-46ea-4797-bbec-2dadc5d0800e', 'COMMON01', 'Common role!', 'admin', TIMESTAMP '2017-05-09 13:31:42', NULL, NULL),
('c7c69396-e5e6-48ca-b09c-9445b69e2ad5', '*', 'all role', 'admin', TIMESTAMP '2014-10-09 15:02:54', NULL, NULL);         
CREATE CACHED TABLE "PUBLIC"."TB_ROLE_PERMISSION"(
    "OID" CHAR(36) NOT NULL,
    "ROLE" VARCHAR(50) NOT NULL,
    "PERMISSION" VARCHAR(255) NOT NULL,
    "PERM_TYPE" VARCHAR(15) NOT NULL,
    "DESCRIPTION" VARCHAR(500) NOT NULL,
    "CUSERID" VARCHAR(24) NOT NULL,
    "CDATE" DATETIME NOT NULL,
    "UUSERID" VARCHAR(50) DEFAULT NULL,
    "UDATE" DATETIME DEFAULT NULL
);             
ALTER TABLE "PUBLIC"."TB_ROLE_PERMISSION" ADD CONSTRAINT "PUBLIC"."CONSTRAINT_9" PRIMARY KEY("OID");          
-- 133 +/- SELECT COUNT(*) FROM PUBLIC.TB_ROLE_PERMISSION;    
INSERT INTO "PUBLIC"."TB_ROLE_PERMISSION" VALUES
('53ccc674-99a3-11eb-8f3e-97df252f69f8', 'COMMON01', 'aggregationMethodLogicServiceImpl:SELECT', 'COMPOMENT', '', 'admin', TIMESTAMP '2021-04-10 10:20:32.959', NULL, NULL),
('59662f97-99a3-11eb-8f3e-1f0fb230ba30', 'COMMON01', 'aggregationMethodLogicServiceImpl:INSERT', 'COMPOMENT', '', 'admin', TIMESTAMP '2021-04-10 10:20:42.353', NULL, NULL),
('5fd0081a-99a3-11eb-8f3e-43f9daad25af', 'COMMON01', 'aggregationMethodLogicServiceImpl:UPDATE', 'COMPOMENT', '', 'admin', TIMESTAMP '2021-04-10 10:20:53.113', NULL, NULL),
('6519074d-99a3-11eb-8f3e-59ba47999682', 'COMMON01', 'aggregationMethodLogicServiceImpl:DELETE', 'COMPOMENT', '', 'admin', TIMESTAMP '2021-04-10 10:21:01.98', NULL, NULL),
('6e4979e0-99a3-11eb-8f3e-191fd84c700c', 'COMMON01', 'employeeLogicServiceImpl:SELECT', 'COMPOMENT', '', 'admin', TIMESTAMP '2021-04-10 10:21:17.397', NULL, NULL),
('74424113-99a3-11eb-8f3e-a363d265bac8', 'COMMON01', 'employeeLogicServiceImpl:INSERT', 'COMPOMENT', '', 'admin', TIMESTAMP '2021-04-10 10:21:27.415', NULL, NULL),
('7c6896a6-99a3-11eb-8f3e-f39624a57be5', 'COMMON01', 'employeeLogicServiceImpl:UPDATE', 'COMPOMENT', '', 'admin', TIMESTAMP '2021-04-10 10:21:41.088', NULL, NULL),
('8265caa9-99a3-11eb-8f3e-abb349fad292', 'COMMON01', 'employeeLogicServiceImpl:DELETE', 'COMPOMENT', '', 'admin', TIMESTAMP '2021-04-10 10:21:51.137', NULL, NULL),
('8c77eaac-99a3-11eb-8f3e-31d9f27708eb', 'COMMON01', 'formulaLogicServiceImpl:SELECT', 'COMPOMENT', '', 'admin', TIMESTAMP '2021-04-10 10:22:08.032', NULL, NULL),
('92c7846f-99a3-11eb-8f3e-99ed8f0f0945', 'COMMON01', 'formulaLogicServiceImpl:INSERT', 'COMPOMENT', '', 'admin', TIMESTAMP '2021-04-10 10:22:18.621', NULL, NULL),
('98795792-99a3-11eb-8f3e-f55e956f3761', 'COMMON01', 'formulaLogicServiceImpl:UPDATE', 'COMPOMENT', '', 'admin', TIMESTAMP '2021-04-10 10:22:28.175', NULL, NULL),
('9ec1c565-99a3-11eb-8f3e-61c87945c13b', 'COMMON01', 'formulaLogicServiceImpl:DELETE', 'COMPOMENT', '', 'admin', TIMESTAMP '2021-04-10 10:22:38.715', NULL, NULL),
('ad532bfa-99a3-11eb-8f3e-c71604173545', 'COMMON01', 'kpiLogicServiceImpl:SELECT', 'COMPOMENT', '', 'admin', TIMESTAMP '2021-04-10 10:23:03.157', NULL, NULL),
('b28b624d-99a3-11eb-8f3e-adddc646bb6f', 'COMMON01', 'kpiLogicServiceImpl:INSERT', 'COMPOMENT', '', 'admin', TIMESTAMP '2021-04-10 10:23:11.913', NULL, NULL),
('b8d4ba80-99a3-11eb-8f3e-abfb82f2a1f5', 'COMMON01', 'kpiLogicServiceImpl:UPDATE', 'COMPOMENT', '', 'admin', TIMESTAMP '2021-04-10 10:23:22.462', NULL, NULL),
('be86b4b3-99a3-11eb-8f3e-633c3fa15496', 'COMMON01', 'kpiLogicServiceImpl:DELETE', 'COMPOMENT', '', 'admin', TIMESTAMP '2021-04-10 10:23:32.017', NULL, NULL),
('cd08d908-99a3-11eb-8f3e-575a5eb77a9c', 'COMMON01', 'measureDataLogicServiceImpl:SELECT', 'COMPOMENT', '', 'admin', TIMESTAMP '2021-04-10 10:23:56.357', NULL, NULL),
('d2ad65bb-99a3-11eb-8f3e-c19383cd6a9e', 'COMMON01', 'measureDataLogicServiceImpl:INSERT', 'COMPOMENT', '', 'admin', TIMESTAMP '2021-04-10 10:24:05.824', NULL, NULL),
('d8320e5e-99a3-11eb-8f3e-dd5a5a994661', 'COMMON01', 'measureDataLogicServiceImpl:UPDATE', 'COMPOMENT', '', 'admin', TIMESTAMP '2021-04-10 10:24:15.082', NULL, NULL),
('dd578001-99a3-11eb-8f3e-9faba06c03f1', 'COMMON01', 'measureDataLogicServiceImpl:DELETE', 'COMPOMENT', '', 'admin', TIMESTAMP '2021-04-10 10:24:23.716', NULL, NULL),
('eaa40a86-99a3-11eb-8f3e-23e31d1ff0be', 'COMMON01', 'okrBaseLogicServiceImpl:SELECT', 'COMPOMENT', '', 'admin', TIMESTAMP '2021-04-10 10:24:46.028', NULL, NULL),
('f06c24c9-99a3-11eb-8f3e-e1c39cd2fdbb', 'COMMON01', 'okrBaseLogicServiceImpl:INSERT', 'COMPOMENT', '', 'admin', TIMESTAMP '2021-04-10 10:24:55.727', NULL, NULL),
('f7411b2c-99a3-11eb-8f3e-79343bdc608b', 'COMMON01', 'okrBaseLogicServiceImpl:UPDATE', 'COMPOMENT', '', 'admin', TIMESTAMP '2021-04-10 10:25:07.19', NULL, NULL),
('fbeec4bf-99a3-11eb-8f3e-a3ed374f4528', 'COMMON01', 'okrBaseLogicServiceImpl:DELETE', 'COMPOMENT', '', 'admin', TIMESTAMP '2021-04-10 10:25:15.039', NULL, NULL),
('04328d62-99a4-11eb-8f3e-293a867add34', 'COMMON01', 'organizationLogicServiceImpl:SELECT', 'COMPOMENT', '', 'admin', TIMESTAMP '2021-04-10 10:25:28.905', NULL, NULL);           
INSERT INTO "PUBLIC"."TB_ROLE_PERMISSION" VALUES
('08e65175-99a4-11eb-8f3e-57d5a3a9d689', 'COMMON01', 'organizationLogicServiceImpl:INSERT', 'COMPOMENT', '', 'admin', TIMESTAMP '2021-04-10 10:25:36.794', NULL, NULL),
('0f1fa418-99a4-11eb-8f3e-c9756adf4ad1', 'COMMON01', 'organizationLogicServiceImpl:UPDATE', 'COMPOMENT', '', 'admin', TIMESTAMP '2021-04-10 10:25:47.236', NULL, NULL),
('142afe0b-99a4-11eb-8f3e-dfdc2770c1fa', 'COMMON01', 'organizationLogicServiceImpl:DELETE', 'COMPOMENT', '', 'admin', TIMESTAMP '2021-04-10 10:25:55.699', NULL, NULL),
('1e98847e-99a4-11eb-8f3e-e7a7a9c3b7f3', 'COMMON01', 'applicationSystemLogicServiceImpl:SELECT', 'COMPOMENT', '', 'admin', TIMESTAMP '2021-04-10 10:26:13.193', NULL, NULL),
('243262d1-99a4-11eb-8f3e-f7234045671d', 'COMMON01', 'applicationSystemLogicServiceImpl:INSERT', 'COMPOMENT', '', 'admin', TIMESTAMP '2021-04-10 10:26:22.591', NULL, NULL),
('29754784-99a4-11eb-8f3e-4906dee0eefc', 'COMMON01', 'applicationSystemLogicServiceImpl:UPDATE', 'COMPOMENT', '', 'admin', TIMESTAMP '2021-04-10 10:26:31.417', NULL, NULL),
('2e7297b7-99a4-11eb-8f3e-55151be50f17', 'COMMON01', 'applicationSystemLogicServiceImpl:DELETE', 'COMPOMENT', '', 'admin', TIMESTAMP '2021-04-10 10:26:39.789', NULL, NULL),
('7295112a-99a4-11eb-8f3e-11c991b2efdc', 'COMMON01', 'roleLogicServiceImpl:SELECT', 'COMPOMENT', '', 'admin', TIMESTAMP '2021-04-10 10:28:34.1', NULL, NULL),
('7825a0ad-99a4-11eb-8f3e-8101e5564bed', 'COMMON01', 'roleLogicServiceImpl:INSERT', 'COMPOMENT', '', 'admin', TIMESTAMP '2021-04-10 10:28:43.436', NULL, NULL),
('7e557c70-99a4-11eb-8f3e-71aa8e8ee4be', 'COMMON01', 'roleLogicServiceImpl:UPDATE', 'COMPOMENT', '', 'admin', TIMESTAMP '2021-04-10 10:28:53.816', NULL, NULL),
('857f4993-99a4-11eb-8f3e-738bbf2e049c', 'COMMON01', 'roleLogicServiceImpl:DELETE', 'COMPOMENT', '', 'admin', TIMESTAMP '2021-04-10 10:29:05.834', NULL, NULL),
('8fa40736-99a4-11eb-8f3e-db13e96d0a45', 'COMMON01', 'systemBeanHelpLogicServiceImpl:SELECT', 'COMPOMENT', '', 'admin', TIMESTAMP '2021-04-10 10:29:22.852', NULL, NULL),
('94c35e59-99a4-11eb-8f3e-f104311b9068', 'COMMON01', 'systemBeanHelpLogicServiceImpl:INSERT', 'COMPOMENT', '', 'admin', TIMESTAMP '2021-04-10 10:29:31.446', NULL, NULL),
('9a7fdfdc-99a4-11eb-8f3e-01186177269f', 'COMMON01', 'systemBeanHelpLogicServiceImpl:UPDATE', 'COMPOMENT', '', 'admin', TIMESTAMP '2021-04-10 10:29:41.07', NULL, NULL),
('a02a5fff-99a4-11eb-8f3e-ffa12f948065', 'COMMON01', 'systemBeanHelpLogicServiceImpl:DELETE', 'COMPOMENT', '', 'admin', TIMESTAMP '2021-04-10 10:29:50.576', NULL, NULL),
('aab83fb2-99a4-11eb-8f3e-d33a750b8ac8', 'COMMON01', 'systemExpressionLogicServiceImpl:SELECT', 'COMPOMENT', '', 'admin', TIMESTAMP '2021-04-10 10:30:08.282', NULL, NULL),
('afa403b5-99a4-11eb-8f3e-0533c287a8f9', 'COMMON01', 'systemExpressionLogicServiceImpl:INSERT', 'COMPOMENT', '', 'admin', TIMESTAMP '2021-04-10 10:30:16.539', NULL, NULL),
('b4ec3f98-99a4-11eb-8f3e-af4a3d2f7763', 'COMMON01', 'systemExpressionLogicServiceImpl:UPDATE', 'COMPOMENT', '', 'admin', TIMESTAMP '2021-04-10 10:30:25.4', NULL, NULL),
('bc187dbb-99a4-11eb-8f3e-29ee394b9f5b', 'COMMON01', 'systemExpressionLogicServiceImpl:DELETE', 'COMPOMENT', '', 'admin', TIMESTAMP '2021-04-10 10:30:37.435', NULL, NULL),
('c277f5fe-99a4-11eb-8f3e-dd717854b8c2', 'COMMON01', 'systemJreportLogicServiceImpl:SELECT', 'COMPOMENT', '', 'admin', TIMESTAMP '2021-04-10 10:30:48.127', NULL, NULL),
('c70f3161-99a4-11eb-8f3e-69374d741b90', 'COMMON01', 'systemJreportLogicServiceImpl:INSERT', 'COMPOMENT', '', 'admin', TIMESTAMP '2021-04-10 10:30:55.829', NULL, NULL),
('cc0889f4-99a4-11eb-8f3e-37c3ae235f0c', 'COMMON01', 'systemJreportLogicServiceImpl:UPDATE', 'COMPOMENT', '', 'admin', TIMESTAMP '2021-04-10 10:31:04.174', NULL, NULL),
('d0f75b37-99a4-11eb-8f3e-25a092d321c2', 'COMMON01', 'systemJreportLogicServiceImpl:DELETE', 'COMPOMENT', '', 'admin', TIMESTAMP '2021-04-10 10:31:12.449', NULL, NULL),
('d8f1499a-99a4-11eb-8f3e-01ac0120b3a5', 'COMMON01', 'systemMenuLogicServiceImpl:SELECT', 'COMPOMENT', '', 'admin', TIMESTAMP '2021-04-10 10:31:25.832', NULL, NULL),
('dfc46b3d-99a4-11eb-8f3e-4d1717bde7ec', 'COMMON01', 'systemMenuLogicServiceImpl:INSERT', 'COMPOMENT', '', 'admin', TIMESTAMP '2021-04-10 10:31:37.282', NULL, NULL);      
INSERT INTO "PUBLIC"."TB_ROLE_PERMISSION" VALUES
('e9a939b2-99a4-11eb-8f3e-3b837b299516', 'COMMON01', 'systemMenuLogicServiceImpl:UPDATE', 'COMPOMENT', '', 'admin', TIMESTAMP '2021-04-10 10:31:53.88', NULL, NULL),
('ee798675-99a4-11eb-8f3e-2d4f51a99e6c', 'COMMON01', 'systemMenuLogicServiceImpl:DELETE', 'COMPOMENT', '', 'admin', TIMESTAMP '2021-04-10 10:32:01.957', NULL, NULL),
('0036ffac-99a5-11eb-8f3e-5b7732394c1a', 'COMMON01', 'systemProgramLogicServiceImpl:SELECT', 'COMPOMENT', '', 'admin', TIMESTAMP '2021-04-10 10:32:31.72', NULL, NULL),
('05ab2d8f-99a5-11eb-8f3e-fb07003207cf', 'COMMON01', 'systemProgramLogicServiceImpl:INSERT', 'COMPOMENT', '', 'admin', TIMESTAMP '2021-04-10 10:32:40.87', NULL, NULL),
('0bcb2bd2-99a5-11eb-8f3e-9910ce7e0efd', 'COMMON01', 'systemProgramLogicServiceImpl:UPDATE', 'COMPOMENT', '', 'admin', TIMESTAMP '2021-04-10 10:32:51.146', NULL, NULL),
('11435155-99a5-11eb-8f3e-1feb979159b5', 'COMMON01', 'systemProgramLogicServiceImpl:DELETE', 'COMPOMENT', '', 'admin', TIMESTAMP '2021-04-10 10:33:00.322', NULL, NULL),
('18849e18-99a5-11eb-8f3e-2b722d8d2806', 'COMMON01', 'systemTemplateLogicServiceImpl:SELECT', 'COMPOMENT', '', 'admin', TIMESTAMP '2021-04-10 10:33:12.494', NULL, NULL),
('1d6f299b-99a5-11eb-8f3e-05f219d5d7ac', 'COMMON01', 'systemTemplateLogicServiceImpl:INSERT', 'COMPOMENT', '', 'admin', TIMESTAMP '2021-04-10 10:33:20.741', NULL, NULL),
('22809e0e-99a5-11eb-8f3e-2f7ef2b7a284', 'COMMON01', 'systemTemplateLogicServiceImpl:UPDATE', 'COMPOMENT', '', 'admin', TIMESTAMP '2021-04-10 10:33:29.245', NULL, NULL),
('27c49431-99a5-11eb-8f3e-f3619c677525', 'COMMON01', 'systemTemplateLogicServiceImpl:DELETE', 'COMPOMENT', '', 'admin', TIMESTAMP '2021-04-10 10:33:38.079', NULL, NULL),
('98ad4d9b-99a5-11eb-8f3e-7b0852bbfe3c', 'COMMON01', 'CORE_PROG001D', 'CONTROLLER', '', 'admin', TIMESTAMP '2021-04-10 10:36:47.508', NULL, NULL),
('9d3371fe-99a5-11eb-8f3e-1b1d85bde516', 'COMMON01', 'CORE_PROG001D0001A', 'CONTROLLER', '', 'admin', TIMESTAMP '2021-04-10 10:36:55.099', NULL, NULL),
('a1599c11-99a5-11eb-8f3e-8b73c5b32480', 'COMMON01', 'CORE_PROG001D0001E', 'CONTROLLER', '', 'admin', TIMESTAMP '2021-04-10 10:37:02.06', NULL, NULL),
('a835be65-99a5-11eb-8f3e-d31ae5fcba89', 'COMMON01', 'CORE_PROG001D0001Q', 'CONTROLLER', '', 'admin', TIMESTAMP '2021-04-10 10:37:13.57', NULL, NULL),
('acdd4d78-99a5-11eb-8f3e-7187a300cf26', 'COMMON01', 'CORE_PROG001D0002A', 'CONTROLLER', '', 'admin', TIMESTAMP '2021-04-10 10:37:21.378', NULL, NULL),
('b58fb66c-99a5-11eb-8f3e-2d23b5b5b59a', 'COMMON01', 'CORE_PROG001D0002E', 'CONTROLLER', '', 'admin', TIMESTAMP '2021-04-10 10:37:35.969', NULL, NULL),
('ba06717f-99a5-11eb-8f3e-8daa260c2355', 'COMMON01', 'CORE_PROG001D0002Q', 'CONTROLLER', '', 'admin', TIMESTAMP '2021-04-10 10:37:43.457', NULL, NULL),
('be7febb2-99a5-11eb-8f3e-b506797a1716', 'COMMON01', 'CORE_PROG001D0003Q', 'CONTROLLER', '', 'admin', TIMESTAMP '2021-04-10 10:37:50.964', NULL, NULL),
('c30a07b5-99a5-11eb-8f3e-f17c5d600c48', 'COMMON01', 'CORE_PROG001D0004A', 'CONTROLLER', '', 'admin', TIMESTAMP '2021-04-10 10:37:58.581', NULL, NULL),
('c842b338-99a5-11eb-8f3e-61b4a26febb8', 'COMMON01', 'CORE_PROG001D0004E', 'CONTROLLER', '', 'admin', TIMESTAMP '2021-04-10 10:38:07.341', NULL, NULL),
('cd7432cb-99a5-11eb-8f3e-7d7e4de1aaf5', 'COMMON01', 'CORE_PROG001D0004Q', 'CONTROLLER', '', 'admin', TIMESTAMP '2021-04-10 10:38:16.054', NULL, NULL),
('d4762c9e-99a5-11eb-8f3e-232e0666be06', 'COMMON01', 'CORE_PROG001D0004S01Q', 'CONTROLLER', '', 'admin', TIMESTAMP '2021-04-10 10:38:27.811', NULL, NULL),
('d8d58f21-99a5-11eb-8f3e-51952dec2e4d', 'COMMON01', 'CORE_PROG001D0005A', 'CONTROLLER', '', 'admin', TIMESTAMP '2021-04-10 10:38:35.147', NULL, NULL),
('dde13734-99a5-11eb-8f3e-6d0c06eaed31', 'COMMON01', 'CORE_PROG001D0005E', 'CONTROLLER', '', 'admin', TIMESTAMP '2021-04-10 10:38:43.612', NULL, NULL),
('e28f55f7-99a5-11eb-8f3e-d99b79fd0fd4', 'COMMON01', 'CORE_PROG001D0005Q', 'CONTROLLER', '', 'admin', TIMESTAMP '2021-04-10 10:38:51.464', NULL, NULL),
('e77a2f9a-99a5-11eb-8f3e-6177534d3231', 'COMMON01', 'CORE_PROG001D0005S01Q', 'CONTROLLER', '', 'admin', TIMESTAMP '2021-04-10 10:38:59.713', NULL, NULL);
INSERT INTO "PUBLIC"."TB_ROLE_PERMISSION" VALUES
('ebf4942d-99a5-11eb-8f3e-9d2faa336ef3', 'COMMON01', 'CORE_PROG001D0005S02Q', 'CONTROLLER', '', 'admin', TIMESTAMP '2021-04-10 10:39:07.226', NULL, NULL),
('f30e0da0-99a5-11eb-8f3e-2d1eab48aef3', 'COMMON01', 'CORE_PROG001D0007Q', 'CONTROLLER', '', 'admin', TIMESTAMP '2021-04-10 10:39:19.137', NULL, NULL),
('f73f0d23-99a5-11eb-8f3e-57478a02a01e', 'COMMON01', 'CORE_PROG002D', 'CONTROLLER', '', 'admin', TIMESTAMP '2021-04-10 10:39:26.169', NULL, NULL),
('fb550a96-99a5-11eb-8f3e-cd273544d6d6', 'COMMON01', 'CORE_PROG002D0001A', 'CONTROLLER', '', 'admin', TIMESTAMP '2021-04-10 10:39:33.025', NULL, NULL),
('ffedf3a9-99a5-11eb-8f3e-8f0e1c47dac0', 'COMMON01', 'CORE_PROG002D0001E', 'CONTROLLER', '', 'admin', TIMESTAMP '2021-04-10 10:39:40.738', NULL, NULL),
('05969f0c-99a6-11eb-8f3e-af880ef98752', 'COMMON01', 'CORE_PROG002D0001Q', 'CONTROLLER', '', 'admin', TIMESTAMP '2021-04-10 10:39:50.232', NULL, NULL),
('0a932bef-99a6-11eb-8f3e-c138c641f210', 'COMMON01', 'CORE_PROG002D0001S01Q', 'CONTROLLER', '', 'admin', TIMESTAMP '2021-04-10 10:39:58.598', NULL, NULL),
('0f44a612-99a6-11eb-8f3e-d5691621f75d', 'COMMON01', 'CORE_PROG002D0001S02Q', 'CONTROLLER', '', 'admin', TIMESTAMP '2021-04-10 10:40:06.471', NULL, NULL),
('13ed6da5-99a6-11eb-8f3e-8f9e9d0b77a7', 'COMMON01', 'CORE_PROG002D0002Q', 'CONTROLLER', '', 'admin', TIMESTAMP '2021-04-10 10:40:14.288', NULL, NULL),
('19e0dda8-99a6-11eb-8f3e-2b86367824b6', 'COMMON01', 'CORE_PROG002D0003Q', 'CONTROLLER', '', 'admin', TIMESTAMP '2021-04-10 10:40:24.272', NULL, NULL),
('1ff2f93b-99a6-11eb-8f3e-477ad6edc1ca', 'COMMON01', 'CORE_PROG003D', 'CONTROLLER', '', 'admin', TIMESTAMP '2021-04-10 10:40:34.458', NULL, NULL),
('23b7f07e-99a6-11eb-8f3e-79b56684dbef', 'COMMON01', 'CORE_PROG003D0002A', 'CONTROLLER', '', 'admin', TIMESTAMP '2021-04-10 10:40:40.781', NULL, NULL),
('284eb6b1-99a6-11eb-8f3e-6d2e10785a98', 'COMMON01', 'CORE_PROG003D0002E', 'CONTROLLER', '', 'admin', TIMESTAMP '2021-04-10 10:40:48.481', NULL, NULL),
('2c7221a4-99a6-11eb-8f3e-954078a96d46', 'COMMON01', 'CORE_PROG003D0002Q', 'CONTROLLER', '', 'admin', TIMESTAMP '2021-04-10 10:40:55.424', NULL, NULL),
('346b9ad7-99a6-11eb-8f3e-898e04b3ca99', 'COMMON01', 'CORE_PROG003D0003A', 'CONTROLLER', '', 'admin', TIMESTAMP '2021-04-10 10:41:08.802', NULL, NULL),
('3848d50a-99a6-11eb-8f3e-95dc6b0dd16b', 'COMMON01', 'CORE_PROG003D0003E', 'CONTROLLER', '', 'admin', TIMESTAMP '2021-04-10 10:41:15.285', NULL, NULL),
('3ce42f1d-99a6-11eb-8f3e-ad8fdb2146a3', 'COMMON01', 'CORE_PROG003D0003Q', 'CONTROLLER', '', 'admin', TIMESTAMP '2021-04-10 10:41:23.015', NULL, NULL),
('45f42160-99a6-11eb-8f3e-bd8720958667', 'COMMON01', 'CORE_PROG003D0003S01Q', 'CONTROLLER', '', 'admin', TIMESTAMP '2021-04-10 10:41:38.219', NULL, NULL),
('4ad5ac33-99a6-11eb-8f3e-39f68240cf59', 'COMMON01', 'CORE_PROG003D0003S02Q', 'CONTROLLER', '', 'admin', TIMESTAMP '2021-04-10 10:41:46.407', NULL, NULL),
('4e952536-99a6-11eb-8f3e-c7c848f01ea8', 'COMMON01', 'CORE_PROG003D0006A', 'CONTROLLER', '', 'admin', TIMESTAMP '2021-04-10 10:41:52.695', NULL, NULL),
('52e370b9-99a6-11eb-8f3e-2b56ac33adbb', 'COMMON01', 'CORE_PROG003D0006E', 'CONTROLLER', '', 'admin', TIMESTAMP '2021-04-10 10:41:59.919', NULL, NULL),
('57a0d1bc-99a6-11eb-8f3e-17c844b1ee3a', 'COMMON01', 'CORE_PROG003D0006Q', 'CONTROLLER', '', 'admin', TIMESTAMP '2021-04-10 10:42:07.871', NULL, NULL),
('5ca17d4f-99a6-11eb-8f3e-2b9a505472d8', 'COMMON01', 'CORE_PROG004D', 'CONTROLLER', '', 'admin', TIMESTAMP '2021-04-10 10:42:16.265', NULL, NULL),
('60fd0f42-99a6-11eb-8f3e-a9318451966f', 'COMMON01', 'CORE_PROG004D0001Q', 'CONTROLLER', '', 'admin', TIMESTAMP '2021-04-10 10:42:23.575', NULL, NULL),
('65f8d8d5-99a6-11eb-8f3e-d1c5df8fbb26', 'COMMON01', 'CORE_PROG004D0002Q', 'CONTROLLER', '', 'admin', TIMESTAMP '2021-04-10 10:42:31.937', NULL, NULL),
('6a116e58-99a6-11eb-8f3e-73eeb88bc657', 'COMMON01', 'CORE_PROG004D0003Q', 'CONTROLLER', '', 'admin', TIMESTAMP '2021-04-10 10:42:38.809', NULL, NULL),
('6e8e1cdb-99a6-11eb-8f3e-274357eb12b4', 'COMMON01', 'CORE_PROG999D9999Q', 'CONTROLLER', '', 'admin', TIMESTAMP '2021-04-10 10:42:46.337', NULL, NULL);           
INSERT INTO "PUBLIC"."TB_ROLE_PERMISSION" VALUES
('7616d2de-99a6-11eb-8f3e-c9797f58ac07', 'COMMON01', 'HF_PROG001D', 'CONTROLLER', '', 'admin', TIMESTAMP '2021-04-10 10:42:58.976', NULL, NULL),
('79fa9cc1-99a6-11eb-8f3e-ed27978312a9', 'COMMON01', 'HF_PROG001D0001A', 'CONTROLLER', '', 'admin', TIMESTAMP '2021-04-10 10:43:05.502', NULL, NULL),
('7e3c6524-99a6-11eb-8f3e-1b851866ca94', 'COMMON01', 'HF_PROG001D0001E', 'CONTROLLER', '', 'admin', TIMESTAMP '2021-04-10 10:43:12.645', NULL, NULL),
('88453657-99a6-11eb-8f3e-2d34476b1b2f', 'COMMON01', 'HF_PROG001D0001Q', 'CONTROLLER', '', 'admin', TIMESTAMP '2021-04-10 10:43:29.48', NULL, NULL),
('8d36518a-99a6-11eb-8f3e-690f677b702f', 'COMMON01', 'HF_PROG001D0002A', 'CONTROLLER', '', 'admin', TIMESTAMP '2021-04-10 10:43:37.77', NULL, NULL),
('91761e1d-99a6-11eb-8f3e-09e8bf5778b3', 'COMMON01', 'HF_PROG001D0002E', 'CONTROLLER', '', 'admin', TIMESTAMP '2021-04-10 10:43:44.899', NULL, NULL),
('97e43c60-99a6-11eb-8f3e-4b3593d9fe24', 'COMMON01', 'HF_PROG001D0002Q', 'CONTROLLER', '', 'admin', TIMESTAMP '2021-04-10 10:43:55.688', NULL, NULL),
('9cc55203-99a6-11eb-8f3e-61f930fa2a56', 'COMMON01', 'HF_PROG001D0003A', 'CONTROLLER', '', 'admin', TIMESTAMP '2021-04-10 10:44:03.873', NULL, NULL),
('a140ef16-99a6-11eb-8f3e-3d9d9ad05884', 'COMMON01', 'HF_PROG001D0003E', 'CONTROLLER', '', 'admin', TIMESTAMP '2021-04-10 10:44:11.395', NULL, NULL),
('a721e889-99a6-11eb-8f3e-f530110c589c', 'COMMON01', 'HF_PROG001D0003Q', 'CONTROLLER', '', 'admin', TIMESTAMP '2021-04-10 10:44:21.258', NULL, NULL),
('ad0700ac-99a6-11eb-8f3e-c52839b6f1a5', 'COMMON01', 'HF_PROG001D0004A', 'CONTROLLER', '', 'admin', TIMESTAMP '2021-04-10 10:44:31.147', NULL, NULL),
('b45e1f5f-99a6-11eb-8f3e-cf862716bc3f', 'COMMON01', 'HF_PROG001D0004E', 'CONTROLLER', '', 'admin', TIMESTAMP '2021-04-10 10:44:43.463', NULL, NULL),
('b830f852-99a6-11eb-8f3e-23013e279222', 'COMMON01', 'HF_PROG001D0004Q', 'CONTROLLER', '', 'admin', TIMESTAMP '2021-04-10 10:44:49.878', NULL, NULL),
('bd83bb85-99a6-11eb-8f3e-f13e9487d724', 'COMMON01', 'HF_PROG001D0005A', 'CONTROLLER', '', 'admin', TIMESTAMP '2021-04-10 10:44:58.809', NULL, NULL),
('c2209c38-99a6-11eb-8f3e-6b72cc42c61d', 'COMMON01', 'HF_PROG001D0005E', 'CONTROLLER', '', 'admin', TIMESTAMP '2021-04-10 10:45:06.548', NULL, NULL),
('dca1bc6b-99a6-11eb-8f3e-7d61a48a3600', 'COMMON01', 'HF_PROG001D0005M', 'CONTROLLER', '', 'admin', TIMESTAMP '2021-04-10 10:45:51.015', NULL, NULL),
('e0cc052e-99a6-11eb-8f3e-352208b2e143', 'COMMON01', 'HF_PROG001D0005Q', 'CONTROLLER', '', 'admin', TIMESTAMP '2021-04-10 10:45:58.002', NULL, NULL),
('e6536cf1-99a6-11eb-8f3e-9d3bc646397e', 'COMMON01', 'HF_PROG001D0006A', 'CONTROLLER', '', 'admin', TIMESTAMP '2021-04-10 10:46:07.279', NULL, NULL),
('ea8f68f4-99a6-11eb-8f3e-2b0ebde44e2a', 'COMMON01', 'HF_PROG001D0006E', 'CONTROLLER', '', 'admin', TIMESTAMP '2021-04-10 10:46:14.383', NULL, NULL),
('ee498ac7-99a6-11eb-8f3e-27e0bc2ad3a1', 'COMMON01', 'HF_PROG001D0006M', 'CONTROLLER', '', 'admin', TIMESTAMP '2021-04-10 10:46:20.636', NULL, NULL),
('f2da0f6a-99a6-11eb-8f3e-1179a54c5746', 'COMMON01', 'HF_PROG001D0006Q', 'CONTROLLER', '', 'admin', TIMESTAMP '2021-04-10 10:46:28.294', NULL, NULL),
('f7430edd-99a6-11eb-8f3e-4b387c022bd2', 'COMMON01', 'HF_PROG002D', 'CONTROLLER', '', 'admin', TIMESTAMP '2021-04-10 10:46:35.692', NULL, NULL),
('fb6f5370-99a6-11eb-8f3e-33dd3afe3f63', 'COMMON01', 'HF_PROG002D0001Q', 'CONTROLLER', '', 'admin', TIMESTAMP '2021-04-10 10:46:42.694', NULL, NULL),
('ff4f4cc3-99a6-11eb-8f3e-3fc32344b648', 'COMMON01', 'HF_PROG003D', 'CONTROLLER', '', 'admin', TIMESTAMP '2021-04-10 10:46:49.195', NULL, NULL),
('03d2b206-99a7-11eb-8f3e-4f1bc76659a3', 'COMMON01', 'HF_PROG003D0001Q', 'CONTROLLER', '', 'admin', TIMESTAMP '2021-04-10 10:46:56.767', NULL, NULL),
('08f42c09-99a7-11eb-8f3e-7babf31ced13', 'COMMON01', 'HF_PROG003D0001Q01D', 'CONTROLLER', '', 'admin', TIMESTAMP '2021-04-10 10:47:05.374', NULL, NULL),
('ea85ff55-9b93-11eb-a168-55faea620980', 'COMMON01', 'CORE_PROGCOMM0001Q', 'CONTROLLER', '', 'admin', TIMESTAMP '2021-04-12 21:35:16.209', NULL, NULL),
('ee60c888-9b93-11eb-a168-bf7247f2a6ac', 'COMMON01', 'CORE_PROGCOMM0002Q', 'CONTROLLER', '', 'admin', TIMESTAMP '2021-04-12 21:35:22.675', NULL, NULL);    
INSERT INTO "PUBLIC"."TB_ROLE_PERMISSION" VALUES
('f4c7badc-9b93-11eb-a168-8946ce7dffba', 'COMMON01', 'CORE_PROGCOMM0004Q', 'CONTROLLER', '', 'admin', TIMESTAMP '2021-04-12 21:35:33.417', NULL, NULL),
('f853047f-9b93-11eb-a168-2dde7b0ba705', 'COMMON01', 'CORE_PROGCOMM0003Q', 'CONTROLLER', '', 'admin', TIMESTAMP '2021-04-12 21:35:39.363', NULL, NULL);            
CREATE CACHED TABLE "PUBLIC"."TB_SYS"(
    "OID" CHAR(36) NOT NULL,
    "SYS_ID" VARCHAR(10) NOT NULL,
    "NAME" VARCHAR(100) NOT NULL,
    "HOST" VARCHAR(200) NOT NULL,
    "CONTEXT_PATH" VARCHAR(100) NOT NULL,
    "IS_LOCAL" VARCHAR(1) DEFAULT 'Y' NOT NULL,
    "ICON" VARCHAR(20) DEFAULT ' ' NOT NULL,
    "CUSERID" VARCHAR(24) NOT NULL,
    "CDATE" DATETIME NOT NULL,
    "UUSERID" VARCHAR(24) DEFAULT NULL,
    "UDATE" DATETIME DEFAULT NULL
); 
ALTER TABLE "PUBLIC"."TB_SYS" ADD CONSTRAINT "PUBLIC"."CONSTRAINT_93" PRIMARY KEY("OID");     
-- 1 +/- SELECT COUNT(*) FROM PUBLIC.TB_SYS;  
INSERT INTO "PUBLIC"."TB_SYS" VALUES
('c6643182-85a5-4f91-9e73-10567ebd0dd5', 'CORE', 'Core-system', '127.0.0.1:8080', 'core-web', 'Y', 'SYSTEM', 'admin', TIMESTAMP '2017-04-10 20:42:00', 'admin', TIMESTAMP '2017-04-10 20:42:00');       
CREATE CACHED TABLE "PUBLIC"."TB_SYS_BEAN_HELP"(
    "OID" CHAR(36) NOT NULL,
    "BEAN_ID" VARCHAR(255) NOT NULL,
    "METHOD" VARCHAR(100) NOT NULL,
    "SYSTEM" VARCHAR(10) NOT NULL,
    "ENABLE_FLAG" VARCHAR(1) NOT NULL,
    "DESCRIPTION" VARCHAR(500) NOT NULL,
    "CUSERID" VARCHAR(24) NOT NULL,
    "CDATE" DATETIME NOT NULL,
    "UUSERID" VARCHAR(24) DEFAULT NULL,
    "UDATE" DATETIME DEFAULT NULL
);          
ALTER TABLE "PUBLIC"."TB_SYS_BEAN_HELP" ADD CONSTRAINT "PUBLIC"."CONSTRAINT_2" PRIMARY KEY("OID");            
-- 0 +/- SELECT COUNT(*) FROM PUBLIC.TB_SYS_BEAN_HELP;        
CREATE CACHED TABLE "PUBLIC"."TB_SYS_BEAN_HELP_EXPR"(
    "OID" CHAR(36) NOT NULL,
    "HELP_OID" CHAR(36) NOT NULL,
    "EXPR_ID" VARCHAR(20) NOT NULL,
    "EXPR_SEQ" VARCHAR(10) NOT NULL,
    "RUN_TYPE" VARCHAR(10) NOT NULL,
    "CUSERID" VARCHAR(24) NOT NULL,
    "CDATE" DATETIME NOT NULL,
    "UUSERID" VARCHAR(24) DEFAULT NULL,
    "UDATE" DATETIME DEFAULT NULL
);  
ALTER TABLE "PUBLIC"."TB_SYS_BEAN_HELP_EXPR" ADD CONSTRAINT "PUBLIC"."CONSTRAINT_DF" PRIMARY KEY("OID");      
-- 0 +/- SELECT COUNT(*) FROM PUBLIC.TB_SYS_BEAN_HELP_EXPR;   
CREATE INDEX "PUBLIC"."SYS_BEAN_HELP_EXPR_IDX_1" ON "PUBLIC"."TB_SYS_BEAN_HELP_EXPR"("HELP_OID");             
CREATE CACHED TABLE "PUBLIC"."TB_SYS_BEAN_HELP_EXPR_MAP"(
    "OID" CHAR(36) NOT NULL,
    "HELP_EXPR_OID" CHAR(36) NOT NULL,
    "METHOD_RESULT_FLAG" VARCHAR(1) DEFAULT 'N' NOT NULL,
    "METHOD_PARAM_CLASS" VARCHAR(255) DEFAULT ' ' NOT NULL,
    "METHOD_PARAM_INDEX" INT DEFAULT 0 NOT NULL,
    "VAR_NAME" VARCHAR(255) NOT NULL,
    "CUSERID" VARCHAR(24) NOT NULL,
    "CDATE" DATETIME NOT NULL,
    "UUSERID" VARCHAR(24) DEFAULT NULL,
    "UDATE" DATETIME DEFAULT NULL
);         
ALTER TABLE "PUBLIC"."TB_SYS_BEAN_HELP_EXPR_MAP" ADD CONSTRAINT "PUBLIC"."CONSTRAINT_A" PRIMARY KEY("OID");   
-- 0 +/- SELECT COUNT(*) FROM PUBLIC.TB_SYS_BEAN_HELP_EXPR_MAP;               
CREATE INDEX "PUBLIC"."SYS_BEAN_HELP_EXPR_MAP_IDX_1" ON "PUBLIC"."TB_SYS_BEAN_HELP_EXPR_MAP"("HELP_EXPR_OID");
CREATE CACHED TABLE "PUBLIC"."TB_SYS_CODE"(
    "OID" CHAR(36) NOT NULL,
    "CODE" VARCHAR(25) NOT NULL,
    "TYPE" VARCHAR(10) NOT NULL,
    "NAME" VARCHAR(100) NOT NULL,
    "PARAM1" VARCHAR(100) DEFAULT NULL,
    "PARAM2" VARCHAR(100) DEFAULT NULL,
    "PARAM3" VARCHAR(100) DEFAULT NULL,
    "PARAM4" VARCHAR(100) DEFAULT NULL,
    "PARAM5" VARCHAR(100) DEFAULT NULL,
    "CUSERID" VARCHAR(24) NOT NULL,
    "CDATE" DATETIME NOT NULL,
    "UUSERID" VARCHAR(24) DEFAULT NULL,
    "UDATE" DATETIME DEFAULT NULL
);            
ALTER TABLE "PUBLIC"."TB_SYS_CODE" ADD CONSTRAINT "PUBLIC"."CONSTRAINT_8" PRIMARY KEY("OID"); 
-- 4 +/- SELECT COUNT(*) FROM PUBLIC.TB_SYS_CODE;             
INSERT INTO "PUBLIC"."TB_SYS_CODE" VALUES
('2d9c84e4-a956-42ac-96cb-1f6292d182a9', 'CNF_CONF002', 'CNF', 'enable mail sender!', 'Y', NULL, NULL, NULL, NULL, 'admin', TIMESTAMP '2014-12-25 09:09:57', 'admin', TIMESTAMP '2020-09-14 04:36:34'),
('4df770a6-6a9c-4d25-bdcd-1dee819d2ba6', 'CNF_CONF001', 'CNF', 'default mail from account!', 'root@localhost', NULL, NULL, NULL, NULL, 'admin', TIMESTAMP '2014-12-24 21:51:16', 'admin', TIMESTAMP '2020-09-14 04:36:34'),
('caf00ba5-fe63-4dc4-a1a3-32527f6629b2', 'CMM_CONF001', 'CMM', 'Common role for default user!', 'COMMON01', NULL, NULL, NULL, NULL, 'admin', TIMESTAMP '2017-05-09 12:29:00', NULL, NULL),
('a5f7ee37-f33f-48a6-b448-92ccb8cdf96a', 'CNF_CONF003', 'CNF', 'first load javascript', 'addTab(''CORE_PROG999D9999Q'', null);', NULL, NULL, NULL, NULL, 'admin', TIMESTAMP '2014-12-25 09:09:57', NULL, NULL);  
CREATE CACHED TABLE "PUBLIC"."TB_SYS_EVENT_LOG"(
    "OID" CHAR(36) NOT NULL,
    "USER" VARCHAR(24) NOT NULL,
    "SYS_ID" VARCHAR(10) NOT NULL,
    "EXECUTE_EVENT" VARCHAR(255) NOT NULL,
    "IS_PERMIT" VARCHAR(1) DEFAULT 'N' NOT NULL,
    "CUSERID" VARCHAR(24) NOT NULL,
    "CDATE" DATETIME NOT NULL,
    "UUSERID" VARCHAR(24) DEFAULT NULL,
    "UDATE" DATETIME DEFAULT NULL
);       
ALTER TABLE "PUBLIC"."TB_SYS_EVENT_LOG" ADD CONSTRAINT "PUBLIC"."CONSTRAINT_96" PRIMARY KEY("OID");           
-- 0 +/- SELECT COUNT(*) FROM PUBLIC.TB_SYS_EVENT_LOG;        
CREATE INDEX "PUBLIC"."SYS_EVENT_LOG_IDX_1" ON "PUBLIC"."TB_SYS_EVENT_LOG"("USER");           
CREATE INDEX "PUBLIC"."SYS_EVENT_LOG_IDX_2" ON "PUBLIC"."TB_SYS_EVENT_LOG"("CDATE");          
CREATE CACHED TABLE "PUBLIC"."TB_SYS_EXPR_JOB"(
    "OID" CHAR(36) NOT NULL,
    "SYSTEM" VARCHAR(10) NOT NULL,
    "ID" VARCHAR(20) NOT NULL,
    "NAME" VARCHAR(100) NOT NULL,
    "ACTIVE" VARCHAR(1) DEFAULT 'Y' NOT NULL,
    "DESCRIPTION" VARCHAR(500) DEFAULT NULL,
    "RUN_STATUS" VARCHAR(1) DEFAULT 'Y' NOT NULL,
    "CHECK_FAULT" VARCHAR(1) DEFAULT 'N' NOT NULL,
    "EXPR_ID" VARCHAR(20) NOT NULL,
    "RUN_DAY_OF_WEEK" VARCHAR(1) NOT NULL,
    "RUN_HOUR" VARCHAR(2) NOT NULL,
    "RUN_MINUTE" VARCHAR(2) NOT NULL,
    "CONTACT_MODE" VARCHAR(1) DEFAULT '0' NOT NULL,
    "CONTACT" VARCHAR(500) DEFAULT NULL,
    "CUSERID" VARCHAR(24) NOT NULL,
    "CDATE" DATETIME NOT NULL,
    "UUSERID" VARCHAR(24) DEFAULT NULL,
    "UDATE" DATETIME DEFAULT NULL
);     
ALTER TABLE "PUBLIC"."TB_SYS_EXPR_JOB" ADD CONSTRAINT "PUBLIC"."CONSTRAINT_7" PRIMARY KEY("OID");             
-- 0 +/- SELECT COUNT(*) FROM PUBLIC.TB_SYS_EXPR_JOB;         
CREATE INDEX "PUBLIC"."SYS_EXPR_JOB_IDX_1" ON "PUBLIC"."TB_SYS_EXPR_JOB"("SYSTEM", "ACTIVE", "EXPR_ID", "NAME");              
CREATE CACHED TABLE "PUBLIC"."TB_SYS_EXPR_JOB_LOG"(
    "OID" CHAR(36) NOT NULL,
    "ID" VARCHAR(20) NOT NULL,
    "LOG_STATUS" VARCHAR(1) DEFAULT 'N' NOT NULL,
    "BEGIN_DATETIME" DATETIME NOT NULL,
    "END_DATETIME" DATETIME NOT NULL,
    "FAULT_MSG" VARCHAR(2000) DEFAULT NULL,
    "CUSERID" VARCHAR(24) NOT NULL,
    "CDATE" DATETIME NOT NULL,
    "UUSERID" VARCHAR(24) DEFAULT NULL,
    "UDATE" DATETIME DEFAULT NULL
);        
ALTER TABLE "PUBLIC"."TB_SYS_EXPR_JOB_LOG" ADD CONSTRAINT "PUBLIC"."CONSTRAINT_AD" PRIMARY KEY("OID");        
-- 0 +/- SELECT COUNT(*) FROM PUBLIC.TB_SYS_EXPR_JOB_LOG;     
CREATE INDEX "PUBLIC"."SYS_EXPR_JOB_LOG_IDX_1" ON "PUBLIC"."TB_SYS_EXPR_JOB_LOG"("ID", "LOG_STATUS", "BEGIN_DATETIME");       
CREATE INDEX "PUBLIC"."SYS_EXPR_JOB_LOG_IDX_2" ON "PUBLIC"."TB_SYS_EXPR_JOB_LOG"("CDATE");    
CREATE CACHED TABLE "PUBLIC"."TB_SYS_EXPRESSION"(
    "OID" CHAR(36) NOT NULL,
    "EXPR_ID" VARCHAR(20) NOT NULL,
    "TYPE" VARCHAR(10) NOT NULL,
    "NAME" VARCHAR(100) NOT NULL,
    "CONTENT" VARCHAR(8000) NOT NULL,
    "DESCRIPTION" VARCHAR(500) NOT NULL,
    "CUSERID" VARCHAR(24) NOT NULL,
    "CDATE" DATETIME NOT NULL,
    "UUSERID" VARCHAR(24) DEFAULT NULL,
    "UDATE" DATETIME DEFAULT NULL
);               
ALTER TABLE "PUBLIC"."TB_SYS_EXPRESSION" ADD CONSTRAINT "PUBLIC"."CONSTRAINT_8F" PRIMARY KEY("OID");          
-- 0 +/- SELECT COUNT(*) FROM PUBLIC.TB_SYS_EXPRESSION;       
CREATE CACHED TABLE "PUBLIC"."TB_SYS_ICON"(
    "OID" CHAR(36) NOT NULL,
    "ICON_ID" VARCHAR(20) NOT NULL,
    "FILE_NAME" VARCHAR(200) NOT NULL,
    "CUSERID" VARCHAR(24) NOT NULL,
    "CDATE" DATETIME NOT NULL,
    "UUSERID" VARCHAR(24) DEFAULT NULL,
    "UDATE" DATETIME DEFAULT NULL
);   
ALTER TABLE "PUBLIC"."TB_SYS_ICON" ADD CONSTRAINT "PUBLIC"."CONSTRAINT_80" PRIMARY KEY("OID");
-- 41 +/- SELECT COUNT(*) FROM PUBLIC.TB_SYS_ICON;            
INSERT INTO "PUBLIC"."TB_SYS_ICON" VALUES
('00a11813-0fbd-481f-bab8-11bdf0df1a7e', 'HELP_ABOUT', 'help-about.png', 'admin', TIMESTAMP '2014-09-29 00:00:00', NULL, NULL),
('01a5ebc8-b79a-4960-8dac-c6543c7fa56b', 'REFRESH', 'view-refresh.png', 'admin', TIMESTAMP '2014-09-29 00:00:00', NULL, NULL),
('035d1d3b-7223-448b-a7e8-660d47c5c1a2', 'STOCK_HOME', 'stock_home.png', 'admin', TIMESTAMP '2014-09-29 00:00:00', NULL, NULL),
('140a343b-f276-49c4-9bce-69b6c1b81736', 'GO_LEFT', 'stock_left.png', 'admin', TIMESTAMP '2014-09-29 00:00:00', NULL, NULL),
('3ee47be9-dc2d-4c7f-842b-e8f807b96e4b', 'PDCA', 'pdca.png', 'admin', TIMESTAMP '2016-04-07 11:53:39', NULL, NULL),
('3f70f89b-6ef9-4112-916f-e9994519557c', 'SIGNATURE', 'text_signature.png', 'admin', TIMESTAMP '2015-02-14 10:17:50', NULL, NULL),
('4471df15-4346-4c58-9f19-572ceeca4d9d', 'IMPORTANT', 'important.png', 'admin', TIMESTAMP '2014-09-29 00:00:00', NULL, NULL),
('45cd5523-c08e-45bd-9461-67064b41052a', 'GWENVIEW', 'gwenview.png', 'admin', TIMESTAMP '2014-09-29 00:00:00', NULL, NULL),
('4b84ee11-4e89-45b0-aca2-04db58ccdfd2', 'DIAGRAM', 'x-dia-diagram.png', 'admin', TIMESTAMP '2014-10-22 12:15:02', NULL, NULL),
('4c664a5c-69cd-4e4e-8d55-050423d4e0f1', 'PROPERTIES', 'document-properties.png', 'admin', TIMESTAMP '2014-09-29 00:00:00', NULL, NULL),
('4f875ea6-6d30-4e72-ba91-56b07890325d', 'CHART_AREA', 'area_chart.png', 'admin', TIMESTAMP '2015-01-17 12:05:49', NULL, NULL),
('547c4780-4c26-4552-b5dd-f41ed3fbf6f1', 'REMOVE', 'list-remove.png', 'admin', TIMESTAMP '2014-09-29 00:00:00', NULL, NULL),
('5a5279f9-f2ab-471a-a83d-8e5e8019de90', 'LOCK', 'lock.png', 'admin', TIMESTAMP '2014-09-29 00:00:00', NULL, NULL),
('5df6aac2-03b9-45e5-b4f0-b6b549813e7d', 'GIMP', 'gimp.png', 'admin', TIMESTAMP '2014-12-02 10:11:46', NULL, NULL),
('65b10fb0-9140-4490-9d15-94148be067a8', 'FOLDER', 'folder_home.png', 'admin', TIMESTAMP '2014-09-29 00:00:00', NULL, NULL),
('7492a872-520d-48ef-bfa3-518502d48d3b', 'CALENDAR', 'xfcalendar.png', 'admin', TIMESTAMP '2014-09-29 00:00:00', NULL, NULL),
('77c3c562-b85c-4a72-b8ac-c8bc94f58df3', 'EXCEL', 'excel.png', 'admin', TIMESTAMP '2014-09-29 00:00:00', NULL, NULL),
('793989f2-4818-49d6-ab2b-44bc9ee75b43', 'CHART_PIE', 'chart-pie.png', 'admin', TIMESTAMP '2015-01-15 22:52:29', NULL, NULL),
('80d813f6-0c91-4e0b-95ef-a17bcc02e8ce', 'GO_FIRST', 'stock_first.png', 'admin', TIMESTAMP '2014-09-29 00:00:00', NULL, NULL),
('81100942-0cda-43c1-84f9-034d39ac8c58', 'PERSON', 'stock_person.png', 'admin', TIMESTAMP '2014-09-29 00:00:00', NULL, NULL),
('81959e3c-7205-4fff-8b2b-6bad5770e8c1', 'IMPORT', 'document-import.png', 'admin', TIMESTAMP '2014-09-29 00:00:00', NULL, NULL),
('92f6e3b4-e757-414f-a512-9eb53d7d7b90', 'INTER_ARCHIVE', 'internet-archive.png', 'admin', TIMESTAMP '2014-09-29 00:00:00', NULL, NULL),
('966b2e28-2168-4172-ac2d-31b429336c1c', 'CHART_LINE', 'charts-line-chart-icon.png', 'admin', TIMESTAMP '2015-01-16 14:05:52', NULL, NULL),
('9eac6e4e-3796-4e0a-b9c4-fa337d01517b', 'APPLICATION_PDF', 'application-pdf.png', 'admin', TIMESTAMP '2014-10-30 14:26:56', NULL, NULL),
('9f3b3020-b76c-4af0-ad69-7a15c4e5d022', 'SHARED', 'emblem-shared.png', 'admin', TIMESTAMP '2014-09-29 00:00:00', NULL, NULL),
('9fb99e36-6ee9-4e1c-9629-8336ede133da', 'PEOPLE', 'emblem-people.png', 'admin', TIMESTAMP '2014-09-29 00:00:00', NULL, NULL),
('a788062a-22da-4734-b63d-087f2aee32b8', 'FULL_SCREEN', 'fullscreen.png', 'admin', TIMESTAMP '2015-08-10 21:31:30', NULL, NULL),
('a9fd2f30-4960-42fd-a175-a462c6f281fb', 'EXPORT', 'document-export.png', 'admin', TIMESTAMP '2014-09-29 00:00:00', NULL, NULL),
('ad1d0d5e-111d-4020-ade4-6bcf167fed0e', 'WWW', 'www.png', 'admin', TIMESTAMP '2014-10-22 12:14:29', NULL, NULL),
('b4f3acb8-72bc-49c1-a7a5-50106181facf', 'SYSTEM', 'system-run.png', 'admin', TIMESTAMP '2014-09-29 00:00:00', NULL, NULL),
('b5d46f00-8146-4e0e-8812-6e5b56843e5b', 'TWITTER', 'twitter.png', 'admin', TIMESTAMP '2014-12-18 19:51:48', NULL, NULL),
('bbff137e-7be8-4e8f-a1d2-db41444345d3', 'TEXT_SOURCE', 'text-x-source.png', 'admin', TIMESTAMP '2014-10-23 10:08:48', NULL, NULL),
('c739a407-82d2-4e2e-be95-3df87e280bfd', 'COMPUTER', 'computer.png', 'admin', TIMESTAMP '2014-09-29 00:00:00', NULL, NULL);     
INSERT INTO "PUBLIC"."TB_SYS_ICON" VALUES
('cb219bbc-db12-4765-8922-ffd76773d907', 'STAR', 'star.png', 'admin', TIMESTAMP '2014-09-29 00:00:00', NULL, NULL),
('d1727475-258b-44f6-8f4a-f36cff81fb85', 'GO_LAST', 'stock_last.png', 'admin', TIMESTAMP '2014-09-29 00:00:00', NULL, NULL),
('d1fb350e-e2f6-439a-9934-65e1b26ada3e', 'GO_RIGHT', 'stock_right.png', 'admin', TIMESTAMP '2014-09-29 00:00:00', NULL, NULL),
('d24d1ac9-bdb3-40ef-95ef-9845b47b0182', 'G_APP_INSTALL', 'gnome-app-install.png', 'admin', TIMESTAMP '2014-09-29 00:00:00', NULL, NULL),
('e5d8eec7-2063-4806-b401-5d415dbd6c25', 'TEMPLATE', 'libreoffice-template.png', 'admin', TIMESTAMP '2014-10-21 13:40:26', NULL, NULL),
('ed735416-7d0e-4df0-aa1c-7787bbc5953e', 'VIEW_LIST', 'view-list-icons.png', 'admin', TIMESTAMP '2014-11-28 08:54:06', NULL, NULL),
('f05b7819-b9ee-4409-8d2f-b9e067280acd', 'USERS', 'system-users.png', 'admin', TIMESTAMP '2014-09-29 00:00:00', NULL, NULL),
('feddb360-0b6f-4ee2-8206-b961bcb2a76d', 'CHART_BAR', 'chart-graph-2d-1.png', 'admin', TIMESTAMP '2015-01-16 13:27:00', NULL, NULL);     
CREATE CACHED TABLE "PUBLIC"."TB_SYS_JREPORT"(
    "OID" CHAR(36) NOT NULL,
    "REPORT_ID" VARCHAR(50) NOT NULL,
    "FILE" VARCHAR(100) NOT NULL,
    "IS_COMPILE" VARCHAR(50) DEFAULT 'N' NOT NULL,
    "CONTENT" MEDIUMBLOB NOT NULL,
    "DESCRIPTION" VARCHAR(500) NOT NULL,
    "CUSERID" VARCHAR(24) NOT NULL,
    "CDATE" DATETIME NOT NULL,
    "UUSERID" VARCHAR(24) DEFAULT NULL,
    "UDATE" DATETIME DEFAULT NULL
); 
ALTER TABLE "PUBLIC"."TB_SYS_JREPORT" ADD CONSTRAINT "PUBLIC"."CONSTRAINT_22" PRIMARY KEY("OID");             
-- 0 +/- SELECT COUNT(*) FROM PUBLIC.TB_SYS_JREPORT;          
CREATE CACHED TABLE "PUBLIC"."TB_SYS_JREPORT_PARAM"(
    "OID" CHAR(36) NOT NULL,
    "REPORT_ID" VARCHAR(50) NOT NULL,
    "URL_PARAM" VARCHAR(100) NOT NULL,
    "RPT_PARAM" VARCHAR(100) NOT NULL,
    "CUSERID" VARCHAR(24) NOT NULL,
    "CDATE" DATETIME NOT NULL,
    "UUSERID" VARCHAR(24) DEFAULT NULL,
    "UDATE" DATETIME DEFAULT NULL
);
-- 0 +/- SELECT COUNT(*) FROM PUBLIC.TB_SYS_JREPORT_PARAM;    
CREATE CACHED TABLE "PUBLIC"."TB_SYS_LOGIN_LOG"(
    "OID" CHAR(36) NOT NULL,
    "USER" VARCHAR(24) NOT NULL,
    "CUSERID" VARCHAR(24) NOT NULL,
    "CDATE" DATETIME NOT NULL,
    "UUSERID" VARCHAR(24) DEFAULT NULL,
    "UDATE" DATETIME DEFAULT NULL
);         
ALTER TABLE "PUBLIC"."TB_SYS_LOGIN_LOG" ADD CONSTRAINT "PUBLIC"."CONSTRAINT_2E" PRIMARY KEY("OID");           
-- 0 +/- SELECT COUNT(*) FROM PUBLIC.TB_SYS_LOGIN_LOG;        
CREATE INDEX "PUBLIC"."SYS_LOGIN_LOG_IDX_1" ON "PUBLIC"."TB_SYS_LOGIN_LOG"("USER");           
CREATE INDEX "PUBLIC"."SYS_LOGIN_LOG_IDX_2" ON "PUBLIC"."TB_SYS_LOGIN_LOG"("CDATE");          
CREATE CACHED TABLE "PUBLIC"."TB_SYS_MAIL_HELPER"(
    "OID" CHAR(36) NOT NULL,
    "MAIL_ID" VARCHAR(17) NOT NULL,
    "SUBJECT" VARCHAR(200) NOT NULL,
    "TEXT" BLOB DEFAULT NULL,
    "MAIL_FROM" VARCHAR(100) NOT NULL,
    "MAIL_TO" VARCHAR(100) NOT NULL,
    "MAIL_CC" VARCHAR(1000) DEFAULT NULL,
    "MAIL_BCC" VARCHAR(1000) DEFAULT NULL,
    "SUCCESS_FLAG" VARCHAR(1) DEFAULT 'N' NOT NULL,
    "SUCCESS_TIME" DATETIME DEFAULT NULL,
    "RETAIN_FLAG" VARCHAR(1) DEFAULT 'N' NOT NULL,
    "CUSERID" VARCHAR(24) NOT NULL,
    "CDATE" DATETIME NOT NULL,
    "UUSERID" VARCHAR(24) DEFAULT NULL,
    "UDATE" DATETIME DEFAULT NULL
);      
ALTER TABLE "PUBLIC"."TB_SYS_MAIL_HELPER" ADD CONSTRAINT "PUBLIC"."CONSTRAINT_E" PRIMARY KEY("OID");          
-- 0 +/- SELECT COUNT(*) FROM PUBLIC.TB_SYS_MAIL_HELPER;      
CREATE INDEX "PUBLIC"."SYS_MAIL_HELPER_IDX_1" ON "PUBLIC"."TB_SYS_MAIL_HELPER"("MAIL_ID");    
CREATE INDEX "PUBLIC"."SYS_MAIL_HELPER_IDX_2" ON "PUBLIC"."TB_SYS_MAIL_HELPER"("SUCCESS_FLAG");               
CREATE CACHED TABLE "PUBLIC"."TB_SYS_MENU"(
    "OID" CHAR(36) NOT NULL,
    "PROG_ID" VARCHAR(50) NOT NULL,
    "PARENT_OID" CHAR(36) NOT NULL,
    "ENABLE_FLAG" VARCHAR(1) DEFAULT 'Y' NOT NULL,
    "CUSERID" VARCHAR(24) NOT NULL,
    "CDATE" DATETIME NOT NULL,
    "UUSERID" VARCHAR(24) DEFAULT NULL,
    "UDATE" DATETIME DEFAULT NULL
);  
ALTER TABLE "PUBLIC"."TB_SYS_MENU" ADD CONSTRAINT "PUBLIC"."CONSTRAINT_806" PRIMARY KEY("OID");               
-- 36 +/- SELECT COUNT(*) FROM PUBLIC.TB_SYS_MENU;            
INSERT INTO "PUBLIC"."TB_SYS_MENU" VALUES
('7ea68636-c93a-4669-ac42-dafc3770d20d', 'CORE_PROG001D', '00000000-0000-0000-0000-000000000000', 'Y', 'admin', TIMESTAMP '2017-04-20 11:24:53', NULL, NULL),
('efb79ce7-360e-4a73-9c52-ee5f4bc8f4e8', 'CORE_PROG001D0001Q', '7ea68636-c93a-4669-ac42-dafc3770d20d', 'Y', 'admin', TIMESTAMP '2017-06-05 09:54:59', NULL, NULL),
('bfda3dfe-5857-4637-bf37-0d1ae00f32ce', 'CORE_PROG001D0002Q', '7ea68636-c93a-4669-ac42-dafc3770d20d', 'Y', 'admin', TIMESTAMP '2017-06-05 09:55:00', NULL, NULL),
('24720067-24c3-4527-a993-46710f3de43f', 'CORE_PROG001D0003Q', '7ea68636-c93a-4669-ac42-dafc3770d20d', 'Y', 'admin', TIMESTAMP '2017-06-05 09:55:00', NULL, NULL),
('4429a2af-c00c-4202-9642-3525029a5438', 'CORE_PROG001D0004Q', '7ea68636-c93a-4669-ac42-dafc3770d20d', 'Y', 'admin', TIMESTAMP '2017-06-05 09:55:00', NULL, NULL),
('4ebeab13-ada4-48c4-a75b-a5ff1c78c22e', 'CORE_PROG001D0005Q', '7ea68636-c93a-4669-ac42-dafc3770d20d', 'Y', 'admin', TIMESTAMP '2017-06-05 09:55:00', NULL, NULL),
('2b629a25-6998-4c77-ab09-4027c27208a6', 'CORE_PROG001D0006Q', '7ea68636-c93a-4669-ac42-dafc3770d20d', 'Y', 'admin', TIMESTAMP '2017-06-05 09:55:00', NULL, NULL),
('4a8ba269-cd8d-490d-a818-2fb6b1dd31d0', 'CORE_PROG001D0007Q', '7ea68636-c93a-4669-ac42-dafc3770d20d', 'Y', 'admin', TIMESTAMP '2017-06-05 09:55:00', NULL, NULL),
('79e1cf24-2522-4cdf-abcc-6455b47d545b', 'CORE_PROG002D', '00000000-0000-0000-0000-000000000000', 'Y', 'admin', TIMESTAMP '2017-05-08 21:32:59', NULL, NULL),
('c5349a26-6d6e-4d94-b817-82be6d14d5ed', 'CORE_PROG002D0001Q', '79e1cf24-2522-4cdf-abcc-6455b47d545b', 'Y', 'admin', TIMESTAMP '2017-05-10 14:20:12', NULL, NULL),
('4bd4d202-5feb-495b-8c8c-ec6b7f5b8041', 'CORE_PROG002D0002Q', '79e1cf24-2522-4cdf-abcc-6455b47d545b', 'Y', 'admin', TIMESTAMP '2017-05-10 14:20:12', NULL, NULL),
('9972c249-2985-49ac-9b8b-f6c25c65fd4e', 'CORE_PROG002D0003Q', '79e1cf24-2522-4cdf-abcc-6455b47d545b', 'Y', 'admin', TIMESTAMP '2017-05-10 14:20:12', NULL, NULL),
('2eecc8a6-d234-4052-877b-bbab59839123', 'CORE_PROG003D', '00000000-0000-0000-0000-000000000000', 'Y', 'admin', TIMESTAMP '2017-05-23 08:57:41', NULL, NULL),
('ab061944-9352-4d7f-af50-a330646f0502', 'CORE_PROG003D0001Q', '2eecc8a6-d234-4052-877b-bbab59839123', 'Y', 'admin', TIMESTAMP '2017-06-03 08:42:13', NULL, NULL),
('4589612b-077e-4b11-b192-01ca621391ae', 'CORE_PROG003D0002Q', '2eecc8a6-d234-4052-877b-bbab59839123', 'Y', 'admin', TIMESTAMP '2017-06-03 08:42:13', NULL, NULL),
('6ea3d56f-4dd4-494d-a48b-975fd570f807', 'CORE_PROG003D0003Q', '2eecc8a6-d234-4052-877b-bbab59839123', 'Y', 'admin', TIMESTAMP '2017-06-03 08:42:13', NULL, NULL),
('0fd3a30d-d000-4091-a6dd-8079b495977f', 'CORE_PROG003D0004Q', '2eecc8a6-d234-4052-877b-bbab59839123', 'Y', 'admin', TIMESTAMP '2017-06-03 08:42:14', NULL, NULL),
('254a1a62-a47a-4aab-9c92-1f0fbafa6554', 'CORE_PROG003D0005Q', '2eecc8a6-d234-4052-877b-bbab59839123', 'Y', 'admin', TIMESTAMP '2017-06-03 08:42:14', NULL, NULL),
('95826121-fffa-4e08-b276-44285d6668fc', 'CORE_PROG003D0006Q', '2eecc8a6-d234-4052-877b-bbab59839123', 'Y', 'admin', TIMESTAMP '2017-06-03 08:42:14', NULL, NULL),
('5e055f61-bfc5-402c-93b4-f241dc17b00b', 'CORE_PROG004D', '00000000-0000-0000-0000-000000000000', 'Y', 'admin', TIMESTAMP '2017-06-03 14:23:17', NULL, NULL),
('392cce75-a34c-4f8d-a16f-4ed63b2d2495', 'CORE_PROG004D0001Q', '5e055f61-bfc5-402c-93b4-f241dc17b00b', 'Y', 'admin', TIMESTAMP '2017-06-03 14:23:22', NULL, NULL),
('f21319e4-c83b-486f-857e-44a1b2baa7b1', 'CORE_PROG004D0002Q', '5e055f61-bfc5-402c-93b4-f241dc17b00b', 'Y', 'admin', TIMESTAMP '2017-06-03 14:23:22', NULL, NULL),
('6c7ee268-14ad-408c-ac64-e6790d9f33e3', 'CORE_PROG004D0003Q', '5e055f61-bfc5-402c-93b4-f241dc17b00b', 'Y', 'admin', TIMESTAMP '2017-06-03 14:23:22', NULL, NULL),
('4dff5215-03cf-4d2b-bf36-e5084828ccb9', 'HF_PROG001D', '00000000-0000-0000-0000-000000000000', 'Y', 'admin', TIMESTAMP '2020-09-23 07:32:25', NULL, NULL),
('00e82e3c-0ea9-11eb-ba89-e94db9e8394f', 'HF_PROG002D', '00000000-0000-0000-0000-000000000000', 'Y', 'admin', TIMESTAMP '2020-10-15 05:40:59', NULL, NULL),
('00eb3b7d-0ea9-11eb-ba89-b761450c2f0a', 'HF_PROG002D0001Q', '00e82e3c-0ea9-11eb-ba89-e94db9e8394f', 'Y', 'admin', TIMESTAMP '2020-10-15 05:40:59', NULL, NULL); 
INSERT INTO "PUBLIC"."TB_SYS_MENU" VALUES
('c2f4a1e4-8d0f-11eb-8e8a-3d99c8723c05', 'HF_PROG001D0001Q', '4dff5215-03cf-4d2b-bf36-e5084828ccb9', 'Y', 'admin', TIMESTAMP '2021-03-25 10:13:59.978', NULL, NULL),
('c309b085-8d0f-11eb-8e8a-f10a6066d1ba', 'HF_PROG001D0002Q', '4dff5215-03cf-4d2b-bf36-e5084828ccb9', 'Y', 'admin', TIMESTAMP '2021-03-25 10:14:00.116', NULL, NULL),
('c30b3726-8d0f-11eb-8e8a-b1c5c0ea482b', 'HF_PROG001D0003Q', '4dff5215-03cf-4d2b-bf36-e5084828ccb9', 'Y', 'admin', TIMESTAMP '2021-03-25 10:14:00.126', NULL, NULL),
('c30d5a07-8d0f-11eb-8e8a-1fae0e578bf2', 'HF_PROG001D0004Q', '4dff5215-03cf-4d2b-bf36-e5084828ccb9', 'Y', 'admin', TIMESTAMP '2021-03-25 10:14:00.14', NULL, NULL),
('c30ff218-8d0f-11eb-8e8a-adaa0b533b5a', 'HF_PROG001D0005Q', '4dff5215-03cf-4d2b-bf36-e5084828ccb9', 'Y', 'admin', TIMESTAMP '2021-03-25 10:14:00.157', NULL, NULL),
('c3110389-8d0f-11eb-8e8a-a1ee3a264973', 'HF_PROG001D0006Q', '4dff5215-03cf-4d2b-bf36-e5084828ccb9', 'Y', 'admin', TIMESTAMP '2021-03-25 10:14:00.164', NULL, NULL),
('da6114c4-9846-11eb-bd46-85afc7e6330c', 'HF_PROG003D', '00000000-0000-0000-0000-000000000000', 'Y', 'admin', TIMESTAMP '2021-04-08 16:46:04.386', NULL, NULL),
('da627455-9846-11eb-bd46-938361148453', 'HF_PROG003D0001Q', 'da6114c4-9846-11eb-bd46-85afc7e6330c', 'Y', 'admin', TIMESTAMP '2021-04-08 16:46:04.395', NULL, NULL),
('b690cdc2-b7a2-11eb-95b3-973a4628a319', 'HF_PROG004D', '00000000-0000-0000-0000-000000000000', 'Y', 'admin', TIMESTAMP '2021-05-18 14:31:44.047', NULL, NULL),
('b6927b73-b7a2-11eb-95b3-c380f2263f8f', 'HF_PROG004D0001Q', 'b690cdc2-b7a2-11eb-95b3-973a4628a319', 'Y', 'admin', TIMESTAMP '2021-05-18 14:31:44.057', NULL, NULL);    
CREATE CACHED TABLE "PUBLIC"."TB_SYS_MENU_ROLE"(
    "OID" CHAR(36) NOT NULL,
    "PROG_ID" VARCHAR(50) NOT NULL,
    "ROLE" VARCHAR(50) NOT NULL,
    "CUSERID" VARCHAR(24) NOT NULL,
    "CDATE" DATETIME NOT NULL,
    "UUSERID" VARCHAR(24) DEFAULT NULL,
    "UDATE" DATETIME DEFAULT NULL
);    
ALTER TABLE "PUBLIC"."TB_SYS_MENU_ROLE" ADD CONSTRAINT "PUBLIC"."CONSTRAINT_3" PRIMARY KEY("OID");            
-- 13 +/- SELECT COUNT(*) FROM PUBLIC.TB_SYS_MENU_ROLE;       
INSERT INTO "PUBLIC"."TB_SYS_MENU_ROLE" VALUES
('1bc27900-99a7-11eb-8f3e-131740d7ee1a', 'HF_PROG001D', 'COMMON01', 'admin', TIMESTAMP '2021-04-10 10:47:36.925', NULL, NULL),
('2320c3a4-99a7-11eb-8f3e-a191fa73e402', 'HF_PROG001D0001Q', 'COMMON01', 'admin', TIMESTAMP '2021-04-10 10:47:49.288', NULL, NULL),
('2957cc58-99a7-11eb-8f3e-75160c4ba3ec', 'HF_PROG001D0002Q', 'COMMON01', 'admin', TIMESTAMP '2021-04-10 10:47:59.715', NULL, NULL),
('2e0d170c-99a7-11eb-8f3e-7deffc82c602', 'HF_PROG001D0003Q', 'COMMON01', 'admin', TIMESTAMP '2021-04-10 10:48:07.613', NULL, NULL),
('32eec8f0-99a7-11eb-8f3e-574202465df5', 'HF_PROG001D0004Q', 'COMMON01', 'admin', TIMESTAMP '2021-04-10 10:48:15.803', NULL, NULL),
('3a4d1394-99a7-11eb-8f3e-15ca7c575547', 'HF_PROG001D0005Q', 'COMMON01', 'admin', TIMESTAMP '2021-04-10 10:48:28.165', NULL, NULL),
('3dedb9f8-99a7-11eb-8f3e-6562f4c27029', 'HF_PROG001D0006Q', 'COMMON01', 'admin', TIMESTAMP '2021-04-10 10:48:34.252', NULL, NULL),
('42700dcc-99a7-11eb-8f3e-35606c57b4d3', 'HF_PROG002D', 'COMMON01', 'admin', TIMESTAMP '2021-04-10 10:48:41.817', NULL, NULL),
('45d57ff0-99a7-11eb-8f3e-077d369d418a', 'HF_PROG002D0001Q', 'COMMON01', 'admin', TIMESTAMP '2021-04-10 10:48:47.515', NULL, NULL),
('489c6824-99a7-11eb-8f3e-671235b73be1', 'HF_PROG003D', 'COMMON01', 'admin', TIMESTAMP '2021-04-10 10:48:52.173', NULL, NULL),
('4af4d718-99a7-11eb-8f3e-d1c3a0fb9f06', 'HF_PROG003D0001Q', 'COMMON01', 'admin', TIMESTAMP '2021-04-10 10:48:56.108', NULL, NULL),
('cbbd07ec-b7a2-11eb-95b3-690619089249', 'HF_PROG004D', 'COMMON01', 'admin', TIMESTAMP '2021-05-18 14:32:19.57', NULL, NULL),
('cdf60800-b7a2-11eb-95b3-2b2fe511a9f4', 'HF_PROG004D0001Q', 'COMMON01', 'admin', TIMESTAMP '2021-05-18 14:32:23.298', NULL, NULL);    
CREATE CACHED TABLE "PUBLIC"."TB_SYS_PROG"(
    "OID" CHAR(36) NOT NULL,
    "PROG_ID" VARCHAR(50) NOT NULL,
    "NAME" VARCHAR(100) NOT NULL,
    "URL" VARCHAR(255) NOT NULL,
    "EDIT_MODE" VARCHAR(1) DEFAULT 'N' NOT NULL,
    "IS_DIALOG" VARCHAR(1) DEFAULT 'N' NOT NULL,
    "DIALOG_W" INT DEFAULT 0 NOT NULL,
    "DIALOG_H" INT DEFAULT 0 NOT NULL,
    "PROG_SYSTEM" VARCHAR(10) NOT NULL,
    "ITEM_TYPE" VARCHAR(10) NOT NULL,
    "ICON" VARCHAR(20) NOT NULL,
    "FONT_ICON_CLASS_ID" VARCHAR(100) DEFAULT 'circle-o' NOT NULL,
    "CUSERID" VARCHAR(24) NOT NULL,
    "CDATE" DATETIME NOT NULL,
    "UUSERID" VARCHAR(24) DEFAULT NULL,
    "UDATE" DATETIME DEFAULT NULL
);            
ALTER TABLE "PUBLIC"."TB_SYS_PROG" ADD CONSTRAINT "PUBLIC"."CONSTRAINT_806D" PRIMARY KEY("OID");              
-- 74 +/- SELECT COUNT(*) FROM PUBLIC.TB_SYS_PROG;            
INSERT INTO "PUBLIC"."TB_SYS_PROG" VALUES
('005463fd-a1f4-4e9f-89a7-bd86aedfcbdf', 'CORE_PROG003D0002E', 'ZC02 - Expression (Edit)', 'sysExpressionEditPage', 'Y', 'N', 0, 0, 'CORE', 'ITEM', 'TEXT_SOURCE', 'code', 'admin', TIMESTAMP '2017-05-24 11:38:45', 'admin', TIMESTAMP '2021-01-27 03:50:24'),
('133801b1-02d1-11eb-9af6-8dacfb641865', 'HF_PROG001D0003A', 'BA03 - Formula (Create)', 'hfFormulaCreatePage', 'N', 'N', 0, 0, 'CORE', 'ITEM', 'TEXT_SOURCE', 'calculator', 'admin', TIMESTAMP '2020-09-30 03:57:35', 'admin', TIMESTAMP '2021-01-27 05:21:13'),
('159db567-057d-11eb-ac20-af8aa39116f3', 'HF_PROG001D0005M', 'BA05 - KPI Measure data', 'hfMeasureDataPage', 'Y', 'N', 0, 0, 'CORE', 'ITEM', 'STAR', 'book', 'admin', TIMESTAMP '2020-10-03 13:33:55', 'admin', TIMESTAMP '2021-01-27 05:27:46'),
('186b1fb1-749f-4b6f-97d1-6b7fb8115345', 'CORE_PROG001D0004E', 'ZA04 - Template (Edit)', 'sysTemplateEditPage', 'Y', 'N', 0, 0, 'CORE', 'ITEM', 'TEMPLATE', 'file-code-o', 'admin', TIMESTAMP '2017-05-12 10:40:10', 'admin', TIMESTAMP '2021-01-27 03:41:40'),
('1a070914-7b72-47e9-8908-f1a022f3148f', 'HF_PROG001D0001E', 'BA01 - Organization(Edit)', 'hfOrgDeptEditPage', 'Y', 'N', 0, 0, 'CORE', 'ITEM', 'DIAGRAM', 'home', 'admin', TIMESTAMP '2020-09-23 07:01:13', 'admin', TIMESTAMP '2021-01-27 05:18:42'),
('1b11c7eb-6133-48fb-87f0-dfbd098ce914', 'CORE_PROG001D0001E', 'ZA01 - System site (Edit)', 'sysSiteEditPage', 'Y', 'N', 0, 0, 'CORE', 'ITEM', 'COMPUTER', 'server', 'admin', TIMESTAMP '2014-10-02 00:00:00', 'admin', TIMESTAMP '2021-01-27 03:38:15'),
('1e1e737e-0fbe-46a5-90d5-e59ea4a3c292', 'HF_PROG001D0001Q', 'BA01 - Organization', 'hfOrgDeptPage', 'N', 'N', 0, 0, 'CORE', 'ITEM', 'DIAGRAM', 'home', 'admin', TIMESTAMP '2020-09-23 06:58:31', 'admin', TIMESTAMP '2021-01-27 05:18:55'),
('1e393fe3-8bbc-482c-aa23-bbb22a1dbafb', 'CORE_PROG001D0005A', 'ZA05 - Report (Create)', 'sysReportCreatePage', 'N', 'N', 0, 0, 'CORE', 'ITEM', 'APPLICATION_PDF', 'file-pdf-o', 'admin', TIMESTAMP '2017-05-18 09:55:46', 'admin', TIMESTAMP '2021-01-27 03:42:41'),
('22560527-90fb-4e5a-a89b-353d2aa1d433', 'CORE_PROG001D0005E', 'ZA05 - Report (Edit)', 'sysReportEditPage', 'Y', 'N', 0, 0, 'CORE', 'ITEM', 'APPLICATION_PDF', 'file-pdf-o', 'admin', TIMESTAMP '2017-05-18 09:56:27', 'admin', TIMESTAMP '2021-01-27 03:42:49'),
('23aeeb27-e4ed-498b-a233-526d58d12e88', 'CORE_PROG003D0006E', 'ZC06 - Expression Job (Edit)', 'sysExpressionJobEditPage', 'Y', 'N', 0, 0, 'CORE', 'ITEM', 'SYSTEM', 'wrench', 'admin', TIMESTAMP '2017-06-03 08:41:33', 'admin', TIMESTAMP '2021-01-27 03:54:17'),
('2f4d0852-02d1-11eb-9af6-ddd9fe9a0743', 'HF_PROG001D0003E', 'BA03 - Formula (Edit)', 'hfFormulaEditPage', 'Y', 'N', 0, 0, 'CORE', 'ITEM', 'TEXT_SOURCE', 'calculator', 'admin', TIMESTAMP '2020-09-30 03:58:22', 'admin', TIMESTAMP '2021-01-27 05:20:58'),
('30bb5861-451c-49ef-a382-0180703333ae', 'HF_PROG001D0002Q', 'BA02 - Employee', 'hfEmployeePage', 'N', 'N', 0, 0, 'CORE', 'ITEM', 'PERSON', 'users', 'admin', TIMESTAMP '2020-09-26 02:56:44', 'admin', TIMESTAMP '2021-01-27 05:19:53'),
('3630ee1b-6169-452f-821f-5c015dfb84d5', 'CORE_PROG001D', 'ZA. Config', '', 'N', 'N', 0, 0, 'CORE', 'FOLDER', 'PROPERTIES', 'gear', 'admin', TIMESTAMP '2014-10-02 00:00:00', 'admin', TIMESTAMP '2021-01-27 03:37:25'),
('3862b6d0-0551-45d8-8dd1-cd988a5e8e50', 'CORE_PROG004D0002Q', 'ZD02 - Login log', 'sysLoginLogPage', 'N', 'N', 0, 0, 'CORE', 'ITEM', 'PROPERTIES', 'search', 'admin', TIMESTAMP '2017-06-03 14:22:29', 'admin', TIMESTAMP '2021-01-27 08:34:09'),
('41fa29d8-3a53-4fbd-b2b1-cdbfd0729767', 'CORE_PROG001D0004Q', 'ZA04 - Template', 'sysTemplatePage', 'N', 'N', 0, 0, 'CORE', 'ITEM', 'TEMPLATE', 'file-code-o', 'admin', TIMESTAMP '2017-05-12 10:36:41', 'admin', TIMESTAMP '2021-01-27 03:41:49'),
('5599c3a9-f971-432a-a8e7-807d960ef196', 'CORE_PROG003D0003E', 'ZC03 - Bean support (Edit)', 'sysBeanSupportEditPage', 'Y', 'N', 0, 0, 'CORE', 'ITEM', 'SYSTEM', 'support', 'admin', TIMESTAMP '2017-05-25 10:39:32', 'admin', TIMESTAMP '2021-01-27 03:51:57'),
('5e082c7c-1730-4176-89c6-93e235707deb', 'CORE_PROG002D0001A', 'ZB01 - Role (Create)', 'roleCreatePage', 'N', 'N', 0, 0, 'CORE', 'ITEM', 'PEOPLE', 'user-secret', 'admin', TIMESTAMP '2017-05-09 11:15:50', 'admin', TIMESTAMP '2021-01-27 03:46:36');       
INSERT INTO "PUBLIC"."TB_SYS_PROG" VALUES
('61aea7ff-7a42-4a92-9a0b-4a0dfe60858b', 'CORE_PROG004D0001Q', 'ZD01 - Event log', 'sysEventLogPage', 'N', 'N', 0, 0, 'CORE', 'ITEM', 'PROPERTIES', 'search', 'admin', TIMESTAMP '2017-06-03 14:22:07', 'admin', TIMESTAMP '2021-01-27 08:33:58'),
('6a442973-0e0c-4a7a-d546-464f4ff5f7a9', 'CORE_PROG001D0003Q', 'ZA03 - Menu settings', 'menuSettingsPage', 'N', 'N', 0, 0, 'CORE', 'ITEM', 'FOLDER', 'sitemap', 'admin', TIMESTAMP '2014-10-02 00:00:00', 'admin', TIMESTAMP '2021-01-27 03:40:28'),
('6b210525-8975-4fb5-954c-fe349f66d3fe', 'CORE_PROG002D0001S01Q', 'ZB01 - Role (permission)', 'rolePermissionPage', 'Y', 'N', 0, 0, 'CORE', 'ITEM', 'IMPORTANT', 'user-secret', 'admin', TIMESTAMP '2017-05-09 14:32:47', 'admin', TIMESTAMP '2021-01-27 03:47:01'),
('6b481707-31ff-422b-a45c-38724d83772c', 'CORE_PROG999D9999Q', 'About', 'about.html', 'N', 'N', 0, 0, 'CORE', 'ITEM', 'HELP_ABOUT', 'info-circle', 'admin', TIMESTAMP '2017-06-05 11:02:04', 'admin', TIMESTAMP '2021-01-27 08:29:10'),
('6db21ae4-03d8-11eb-81a4-654fcf3923d4', 'HF_PROG001D0004E', 'BA04 - Aggregation method (Edit)', 'hfAggregationMethodEditPage', 'Y', 'N', 0, 0, 'CORE', 'ITEM', 'TEXT_SOURCE', 'code', 'admin', TIMESTAMP '2020-10-01 11:22:45', 'admin', TIMESTAMP '2021-01-27 05:23:24'),
('72e6e0d1-1818-47d3-99f9-5134fb211b79', 'CORE_PROG002D', 'ZB. Role authority', '', 'N', 'N', 0, 0, 'CORE', 'FOLDER', 'SHARED', 'user-circle-o', 'admin', TIMESTAMP '2017-05-08 21:27:52', 'admin', TIMESTAMP '2021-01-27 03:46:03'),
('7746f746-961f-44c2-9b66-fa43c0f49838', 'CORE_PROG001D0004S01Q', 'ZA04 - Template (Parameter)', 'sysTemplateParam', 'Y', 'N', 0, 0, 'CORE', 'ITEM', 'TEMPLATE', 'file-code-o', 'admin', TIMESTAMP '2017-05-12 10:42:04', 'admin', TIMESTAMP '2021-01-27 03:41:58'),
('7984332c-7963-4a02-9888-75a55b5af9f9', 'CORE_PROG003D0003S02Q', 'ZC03 - Bean support (Parameter)', 'sysBeanSupportExpressionParamPage', 'Y', 'N', 0, 0, 'CORE', 'ITEM', 'SYSTEM', 'support', 'admin', TIMESTAMP '2017-05-25 10:42:08', 'admin', TIMESTAMP '2021-01-27 03:52:36'),
('7c1e2c5e-1d62-432a-8cbb-42f550694b4b', 'CORE_PROG003D0006Q', 'ZC06 - Expression Job', 'sysExpressionJobPage', 'N', 'N', 0, 0, 'CORE', 'ITEM', 'SYSTEM', 'wrench', 'admin', TIMESTAMP '2017-06-03 08:40:57', 'admin', TIMESTAMP '2021-01-27 03:54:08'),
('7d9ddc45-3eab-4f61-8c0a-d5505c0cc748', 'CORE_PROG001D0004A', 'ZA04 - Template (Create)', 'sysTemplateCreatePage', 'N', 'N', 0, 0, 'CORE', 'ITEM', 'TEMPLATE', 'file-code-o', 'admin', TIMESTAMP '2017-05-12 10:39:20', 'admin', TIMESTAMP '2021-01-27 03:41:31'),
('8499957e-6da9-4160-c2ec-dfb7dbc202fe', 'CORE_PROG001D0002E', 'ZA02 - Program (Edit)', 'sysProgramEditPage', 'Y', 'N', 0, 0, 'CORE', 'ITEM', 'G_APP_INSTALL', 'window-maximize', 'admin', TIMESTAMP '2014-10-02 00:00:00', 'admin', TIMESTAMP '2021-01-27 03:39:29'),
('91a2dad4-95d2-45c3-9fda-ae0d69ad6f22', 'CORE_PROG003D0006A', 'ZC06 - Expression Job (Create)', 'sysExpressionJobCreatePage', 'N', 'N', 0, 0, 'CORE', 'ITEM', 'SYSTEM', 'wrench', 'admin', TIMESTAMP '2017-06-03 08:41:15', 'admin', TIMESTAMP '2021-01-27 03:54:24'),
('a14db172-0ea8-11eb-ba89-c5e2992711a5', 'HF_PROG002D', 'BB. KPI', '', 'N', 'N', 0, 0, 'CORE', 'FOLDER', 'STAR', 'dashboard', 'admin', TIMESTAMP '2020-10-15 05:38:18', 'admin', TIMESTAMP '2021-01-27 05:28:36'),
('ac5bcfd0-4abd-11e4-916c-0800200c9a66', 'CORE_PROG001D0001A', 'ZA01 - System site (Create)', 'sysSiteCreatePage', 'N', 'N', 0, 0, 'CORE', 'ITEM', 'COMPUTER', 'server', 'admin', TIMESTAMP '2014-10-02 00:00:00', 'admin', TIMESTAMP '2021-01-27 03:38:05'),
('b34b95d7-8635-471e-9a34-3aee1c28a254', 'HF_PROG001D0002E', 'BA02 - Employee (Edit)', 'hfEmployeeEditPage', 'Y', 'N', 0, 0, 'CORE', 'ITEM', 'PERSON', 'users', 'admin', TIMESTAMP '2020-09-26 02:58:30', 'admin', TIMESTAMP '2021-01-27 05:19:44'),
('b39159ad-0707-4515-b78d-e3fc72c53974', 'CORE_PROG002D0001E', 'ZB01 - Role (Edit)', 'roleEditPage', 'Y', 'N', 0, 0, 'CORE', 'ITEM', 'PEOPLE', 'user-secret', 'admin', TIMESTAMP '2017-05-09 12:11:53', 'admin', TIMESTAMP '2021-01-27 03:46:44'),
('b3f7654a-9b35-4b9d-8cb7-bc2557869a3b', 'CORE_PROG004D0003Q', 'ZD03 - Expression Job log', 'sysExpressionJobLogPage', 'N', 'N', 0, 0, 'CORE', 'ITEM', 'PROPERTIES', 'search', 'admin', TIMESTAMP '2017-06-03 14:22:58', 'admin', TIMESTAMP '2021-01-27 08:34:18');           
INSERT INTO "PUBLIC"."TB_SYS_PROG" VALUES
('b5e32db5-0493-11eb-8a44-29d090a2d74b', 'HF_PROG001D0005Q', 'BA05 - KPI Base', 'hfKpiBasePage', 'N', 'N', 0, 0, 'CORE', 'ITEM', 'STAR', 'book', 'admin', TIMESTAMP '2020-10-02 09:43:22', 'admin', TIMESTAMP '2021-01-27 05:27:59'),
('b6b89559-6864-46ab-9ca9-0992dcf238f1', 'CORE_PROG001D0001Q', 'ZA01 - System site', 'sysSitePage', 'N', 'N', 0, 0, 'CORE', 'ITEM', 'COMPUTER', 'server', 'admin', TIMESTAMP '2014-10-02 00:00:00', 'admin', TIMESTAMP '2021-01-27 03:38:27'),
('b978f706-4c5f-40f8-83b1-395492f141d4', 'CORE_PROG002D0001Q', 'ZB01 - Role', 'rolePage', 'N', 'N', 0, 0, 'CORE', 'ITEM', 'PEOPLE', 'user-secret', 'admin', TIMESTAMP '2017-05-08 21:32:50', 'admin', TIMESTAMP '2021-01-27 03:46:52'),
('bc97b0d4-516a-4f26-a79a-88ecc65bfe50', 'CORE_PROG003D0003Q', 'ZC03 - Bean support', 'sysBeanSupportPage', 'N', 'N', 0, 0, 'CORE', 'ITEM', 'SYSTEM', 'support', 'admin', TIMESTAMP '2017-05-25 10:38:42', 'admin', TIMESTAMP '2021-01-27 03:52:09'),
('bffce168-6b55-47ed-9fa3-d37666a1e9c7', 'CORE_PROG003D0003A', 'ZC03 - Bean support (Create)', 'sysBeanSupportCreatePage', 'N', 'N', 0, 0, 'CORE', 'ITEM', 'SYSTEM', 'support', 'admin', TIMESTAMP '2017-05-25 10:39:07', 'admin', TIMESTAMP '2021-01-27 03:51:46'),
('c83c0d03-912e-41b4-b7ed-ff9ec19fa360', 'HF_PROG001D0001A', 'BA01 - Organization(Create)', 'hfOrgDeptCreatePage', 'N', 'N', 0, 0, 'CORE', 'ITEM', 'DIAGRAM', 'home', 'admin', TIMESTAMP '2020-09-23 06:59:45', 'admin', TIMESTAMP '2021-01-27 05:18:28'),
('c96ebde8-7044-4b05-a155-68a0c2605619', 'CORE_PROG002D0003Q', 'ZB03 - Role for menu', 'menuRolePage', 'N', 'N', 0, 0, 'CORE', 'ITEM', 'FOLDER', 'sitemap', 'admin', TIMESTAMP '2017-05-08 21:37:01', 'admin', TIMESTAMP '2021-01-27 03:48:59'),
('cdc2a0f6-0493-11eb-8a44-b3636b1f1261', 'HF_PROG001D0005E', 'BA05 - KPI Base (Edit)', 'hfKpiBaseEditPage', 'Y', 'N', 0, 0, 'CORE', 'ITEM', 'STAR', 'book', 'admin', TIMESTAMP '2020-10-02 09:44:02', 'admin', TIMESTAMP '2021-01-27 05:27:36'),
('d5de9cc2-03d7-11eb-81a4-09d861070cfa', 'HF_PROG001D0004Q', 'BA04 - Aggregation method', 'hfAggregationMethodPage', 'N', 'N', 0, 0, 'CORE', 'ITEM', 'TEXT_SOURCE', 'code', 'admin', TIMESTAMP '2020-10-01 11:18:30', 'admin', TIMESTAMP '2021-01-27 05:23:34'),
('d9fb1f84-0ea8-11eb-ba89-93a4e2faf1ad', 'HF_PROG002D0001Q', 'BB01 - KPI Report', 'hfKpiReportPage', 'N', 'N', 0, 0, 'CORE', 'ITEM', 'STAR', 'line-chart', 'admin', TIMESTAMP '2020-10-15 05:39:53', 'admin', TIMESTAMP '2021-01-27 05:29:58'),
('da0e70df-29b1-4a2e-890c-eab723c86ed6', 'CORE_PROG002D0001S02Q', 'ZB01 - Role (copy)', 'roleCopyPage', 'Y', 'Y', 650, 600, 'CORE', 'ITEM', 'PEOPLE', 'user-secret', 'admin', TIMESTAMP '2017-05-09 20:56:50', 'admin', TIMESTAMP '2021-01-27 03:47:20'),
('da7d969a-5efb-4e84-9eab-4fdae236f28c', 'CORE_PROG002D0002Q', 'ZB02 - User role', 'userRolePage', 'N', 'N', 0, 0, 'CORE', 'ITEM', 'PERSON', 'drivers-license-o', 'admin', TIMESTAMP '2017-05-08 21:34:39', 'admin', TIMESTAMP '2021-01-27 03:48:19'),
('dda67b1d-e3a2-4534-835a-c62d9e8421f3', 'CORE_PROG001D0005S01Q', 'ZA05 - Report (Parameter)', 'sysReportParamPage', 'Y', 'N', 0, 0, 'CORE', 'ITEM', 'APPLICATION_PDF', 'file-pdf-o', 'admin', TIMESTAMP '2017-05-18 09:57:26', 'admin', TIMESTAMP '2021-01-27 03:43:05'),
('e32b9329-bb38-46d7-8552-2307bac77724', 'CORE_PROG001D0002A', 'ZA02 - Program (Create)', 'sysProgramCreatePage', 'N', 'N', 0, 0, 'CORE', 'ITEM', 'G_APP_INSTALL', 'window-maximize', 'admin', TIMESTAMP '2014-10-02 00:00:00', 'admin', TIMESTAMP '2021-01-27 03:39:39'),
('e42f4e11-ddf2-49f5-9267-7cfed6ab1d02', 'CORE_PROG001D0005S02Q', 'ZA05 - Report (Preview)', 'sysReportPreviewPage', 'Y', 'Y', 600, 600, 'CORE', 'ITEM', 'APPLICATION_PDF', 'file-pdf-o', 'admin', TIMESTAMP '2017-05-18 10:00:04', 'admin', TIMESTAMP '2021-01-27 03:43:17'),
('e4e691f8-2cd8-444d-b412-ccdbbec029a1', 'CORE_PROG003D', 'ZC. Service', '', 'N', 'N', 0, 0, 'CORE', 'FOLDER', 'DIAGRAM', 'handshake-o', 'admin', TIMESTAMP '2017-05-23 08:53:46', 'admin', TIMESTAMP '2021-01-27 03:49:35'),
('e81cd837-0493-11eb-8a44-ed83f24dbf55', 'HF_PROG001D0005A', 'BA05 - KPI Base (Create)', 'hfKpiBaseCreatePage', 'N', 'N', 0, 0, 'CORE', 'ITEM', 'STAR', 'book', 'admin', TIMESTAMP '2020-10-02 09:44:46', 'admin', TIMESTAMP '2021-01-27 05:27:22');     
INSERT INTO "PUBLIC"."TB_SYS_PROG" VALUES
('e86dbb1b-6870-4827-8039-72f5e15fa4f2', 'CORE_PROG004D', 'ZD. Log', '', 'N', 'N', 0, 0, 'CORE', 'FOLDER', 'PROPERTIES', 'eye', 'admin', TIMESTAMP '2017-06-03 14:21:03', 'admin', TIMESTAMP '2021-01-27 03:55:20'),
('ea08454d-bd3a-4ff4-8d08-fe5d5deb5118', 'HF_PROG001D0002A', 'BA02 - Employee (Create)', 'hfEmployeeCreatePage', 'N', 'N', 0, 0, 'CORE', 'ITEM', 'PERSON', 'users', 'admin', TIMESTAMP '2020-09-26 02:57:39', 'admin', TIMESTAMP '2021-01-27 05:19:33'),
('eb6e199f-c853-4fbf-acf3-0c9c77ba9953', 'CORE_PROG001D0002Q', 'ZA02 - Program', 'sysProgramPage', 'N', 'N', 0, 0, 'CORE', 'ITEM', 'G_APP_INSTALL', 'window-maximize', 'admin', TIMESTAMP '2014-10-02 00:00:00', 'admin', TIMESTAMP '2021-01-27 03:39:20'),
('eb786ffd-c7d1-4631-aed2-4d9d7368eb13', 'CORE_PROG001D0005Q', 'ZA05 - Report', 'sysReportPage', 'N', 'N', 0, 0, 'CORE', 'ITEM', 'APPLICATION_PDF', 'file-pdf-o', 'admin', TIMESTAMP '2017-05-18 09:54:35', 'admin', TIMESTAMP '2021-01-27 03:42:58'),
('edf4ab8c-df86-4ef0-91f6-c2ddcc6e8f7d', 'CORE_PROG003D0002A', 'ZC02 - Expression (Create)', 'sysExpressionCreatePage', 'N', 'N', 0, 0, 'CORE', 'ITEM', 'TEXT_SOURCE', 'code', 'admin', TIMESTAMP '2017-05-24 11:38:27', 'admin', TIMESTAMP '2021-01-27 03:50:13'),
('ef6963fe-171e-4ebe-ae24-aef7388fccce', 'CORE_PROG001D0007Q', 'ZA07 - Setting', 'sysSettingPage', 'N', 'N', 0, 0, 'CORE', 'ITEM', 'PROPERTIES', 'edit', 'admin', TIMESTAMP '2017-06-05 09:54:48', 'admin', TIMESTAMP '2021-01-27 03:44:47'),
('efde7f03-03d7-11eb-81a4-f152dc6201be', 'HF_PROG001D0004A', 'BA04 - Aggregation method (Create)', 'hfAggregationMethodCreatePage', 'N', 'N', 0, 0, 'CORE', 'ITEM', 'TEXT_SOURCE', 'code', 'admin', TIMESTAMP '2020-10-01 11:19:14', 'admin', TIMESTAMP '2021-01-27 05:23:09'),
('f2e5c690-02d0-11eb-9af6-3bccc88422a1', 'HF_PROG001D0003Q', 'BA03 - Formula', 'hfFormulaPage', 'N', 'N', 0, 0, 'CORE', 'ITEM', 'TEXT_SOURCE', 'calculator', 'admin', TIMESTAMP '2020-09-30 03:56:41', 'admin', TIMESTAMP '2021-01-27 05:20:50'),
('fa1e4078-638f-41e6-82d4-77ef92e76374', 'CORE_PROG003D0002Q', 'ZC02 - Expression', 'sysExpressionPage', 'N', 'N', 0, 0, 'CORE', 'ITEM', 'TEXT_SOURCE', 'code', 'admin', TIMESTAMP '2017-05-24 11:38:04', 'admin', TIMESTAMP '2021-01-27 03:50:34'),
('fd55cb27-30d6-4d48-9ec9-26de2ba087ac', 'HF_PROG001D', 'BA. Basic', '', 'N', 'N', 0, 0, 'CORE', 'FOLDER', 'PROPERTIES', 'star', 'admin', TIMESTAMP '2020-09-23 06:53:15', 'admin', TIMESTAMP '2021-01-27 04:48:44'),
('fee6533d-da1c-444b-aec9-6d4f81fa051d', 'CORE_PROG003D0003S01Q', 'ZC03 - Bean support (Expression)', 'sysBeanSupportExpressionPage', 'Y', 'N', 0, 0, 'CORE', 'ITEM', 'SYSTEM', 'support', 'admin', TIMESTAMP '2017-05-25 10:41:46', 'admin', TIMESTAMP '2021-01-27 03:52:22'),
('b32515ff-8d0f-11eb-8e8a-9f40aff77a7b', 'HF_PROG001D0006Q', 'BA06 - OKR Base', 'hfOkrBasePage', 'N', 'N', 0, 0, 'CORE', 'ITEM', 'HELP_ABOUT', 'cube', 'admin', TIMESTAMP '2021-03-25 10:13:33.452', NULL, NULL),
('df0edf80-92bd-11eb-9709-838bc98e4a9a', 'HF_PROG001D0006A', 'BA06 - OKR Base (Add objective)', 'hfOkrBaseAddPage', 'N', 'N', 0, 0, 'CORE', 'ITEM', 'HELP_ABOUT', 'cubes', 'admin', TIMESTAMP '2021-04-01 15:42:55.371', NULL, NULL),
('48e41d4f-959f-11eb-b675-69460beb3f77', 'HF_PROG001D0006M', 'BA06 - OKR Base (Masure data)', 'hfOkrBaseEnterMasureDataPage', 'Y', 'N', 0, 0, 'CORE', 'ITEM', 'HELP_ABOUT', 'cube', 'admin', TIMESTAMP '2021-04-05 07:41:32.019', NULL, NULL),
('6fc93cc1-959f-11eb-b675-d34390f2ebad', 'HF_PROG001D0006E', 'BA06 - OKR Base (Edit)', 'hfOkrBaseEditPage', 'Y', 'N', 0, 0, 'CORE', 'ITEM', 'HELP_ABOUT', 'cube', 'admin', TIMESTAMP '2021-04-05 07:42:37.274', NULL, NULL),
('24e71a8b-9846-11eb-bd46-ad19c048b141', 'HF_PROG003D', 'BC. OKR', '', 'N', 'N', 0, 0, 'CORE', 'FOLDER', 'HELP_ABOUT', 'star', 'admin', TIMESTAMP '2021-04-08 16:40:59.923', NULL, NULL),
('d2e46caf-9846-11eb-bd46-772b1a3504df', 'HF_PROG003D0001Q', 'BC01 - OKR Report', 'hfOkrReportPage', 'N', 'N', 0, 0, 'CORE', 'ITEM', 'HELP_ABOUT', 'paper-plane', 'admin', TIMESTAMP '2021-04-08 16:45:51.826', NULL, NULL),
('1154dcf1-98ec-11eb-906a-37a443ddc0d7', 'HF_PROG003D0001Q01D', 'BC01 - OKR Report (detail)', 'hfOkrReportDetailPage', 'Y', 'N', 0, 0, 'CORE', 'ITEM', 'HELP_ABOUT', 'paper-plane', 'admin', TIMESTAMP '2021-04-09 12:28:43.542', NULL, NULL);         
INSERT INTO "PUBLIC"."TB_SYS_PROG" VALUES
('217b5e19-b7a2-11eb-95b3-2105243e38c1', 'HF_PROG004D', 'BD. PDCA', '', 'N', 'N', 0, 0, 'CORE', 'FOLDER', 'HELP_ABOUT', 'retweet', 'admin', TIMESTAMP '2021-05-18 14:27:33.928', NULL, NULL),
('377bd82b-b7a2-11eb-95b3-87837036775a', 'HF_PROG004D0001Q', 'BD01 - PDCA (Query)', 'hfPdcaPage', 'N', 'N', 0, 0, 'CORE', 'ITEM', 'HELP_ABOUT', 'recycle', 'admin', TIMESTAMP '2021-05-18 14:28:10.839', 'admin', TIMESTAMP '2021-05-18 14:31:28.735'),
('4931892d-b7a2-11eb-95b3-a9c965170a65', 'HF_PROG004D0001A', 'BD01 - PDCA (Create)', 'hfPdcaCreatePage', 'Y', 'N', 0, 0, 'CORE', 'ITEM', 'HELP_ABOUT', 'recycle', 'admin', TIMESTAMP '2021-05-18 14:28:40.551', NULL, NULL),
('64e228b0-b7a2-11eb-95b3-5d8b4dfc64a6', 'HF_PROG004D0001E', 'BD01 - PDCA (Edit)', 'hfPdcaEditPage', 'Y', 'N', 0, 0, 'CORE', 'ITEM', 'HELP_ABOUT', 'recycle', 'admin', TIMESTAMP '2021-05-18 14:29:27.011', NULL, NULL),
('8235a2c3-b7a2-11eb-95b3-05820753f42b', 'HF_PROG004D0001V', 'BD01 - PDCA (Detail)', 'hfPdcaViewDetailPage', 'Y', 'N', 0, 0, 'CORE', 'ITEM', 'HELP_ABOUT', 'recycle', 'admin', TIMESTAMP '2021-05-18 14:30:16.208', NULL, NULL);   
CREATE INDEX "PUBLIC"."SYS_PROG_IDX_1" ON "PUBLIC"."TB_SYS_PROG"("PROG_SYSTEM");              
CREATE CACHED TABLE "PUBLIC"."TB_SYS_QFIELD_LOG"(
    "OID" CHAR(36) NOT NULL,
    "SYSTEM" VARCHAR(10) NOT NULL,
    "PROG_ID" VARCHAR(50) NOT NULL,
    "METHOD_NAME" VARCHAR(255) NOT NULL,
    "FIELD_NAME" VARCHAR(255) NOT NULL,
    "FIELD_VALUE" VARCHAR(500) DEFAULT NULL,
    "QUERY_USER_ID" VARCHAR(24) NOT NULL,
    "CUSERID" VARCHAR(24) NOT NULL,
    "CDATE" DATETIME NOT NULL,
    "UUSERID" VARCHAR(24) DEFAULT NULL,
    "UDATE" DATETIME DEFAULT NULL
);     
ALTER TABLE "PUBLIC"."TB_SYS_QFIELD_LOG" ADD CONSTRAINT "PUBLIC"."CONSTRAINT_1" PRIMARY KEY("OID");           
-- 0 +/- SELECT COUNT(*) FROM PUBLIC.TB_SYS_QFIELD_LOG;       
CREATE INDEX "PUBLIC"."SYS_QFIELD_LOG_IDX_1" ON "PUBLIC"."TB_SYS_QFIELD_LOG"("SYSTEM", "PROG_ID");            
CREATE INDEX "PUBLIC"."SYS_QFIELD_LOG_IDX_2" ON "PUBLIC"."TB_SYS_QFIELD_LOG"("QUERY_USER_ID");
CREATE CACHED TABLE "PUBLIC"."TB_SYS_TEMPLATE"(
    "OID" CHAR(36) NOT NULL,
    "TEMPLATE_ID" VARCHAR(10) NOT NULL,
    "TITLE" VARCHAR(200) NOT NULL,
    "MESSAGE" VARCHAR(4000) NOT NULL,
    "DESCRIPTION" VARCHAR(200) NOT NULL,
    "CUSERID" VARCHAR(24) NOT NULL,
    "CDATE" DATETIME NOT NULL,
    "UUSERID" VARCHAR(24) DEFAULT NULL,
    "UDATE" DATETIME DEFAULT NULL
);              
ALTER TABLE "PUBLIC"."TB_SYS_TEMPLATE" ADD CONSTRAINT "PUBLIC"."CONSTRAINT_94" PRIMARY KEY("OID");            
-- 0 +/- SELECT COUNT(*) FROM PUBLIC.TB_SYS_TEMPLATE;         
CREATE CACHED TABLE "PUBLIC"."TB_SYS_TEMPLATE_PARAM"(
    "OID" CHAR(36) NOT NULL,
    "TEMPLATE_ID" VARCHAR(10) NOT NULL,
    "IS_TITLE" VARCHAR(1) DEFAULT 'N' NOT NULL,
    "TEMPLATE_VAR" VARCHAR(100) NOT NULL,
    "OBJECT_VAR" VARCHAR(100) NOT NULL,
    "CUSERID" VARCHAR(24) NOT NULL,
    "CDATE" DATETIME NOT NULL,
    "UUSERID" VARCHAR(24) DEFAULT NULL,
    "UDATE" DATETIME DEFAULT NULL
);        
ALTER TABLE "PUBLIC"."TB_SYS_TEMPLATE_PARAM" ADD CONSTRAINT "PUBLIC"."CONSTRAINT_D4" PRIMARY KEY("OID");      
-- 0 +/- SELECT COUNT(*) FROM PUBLIC.TB_SYS_TEMPLATE_PARAM;   
CREATE CACHED TABLE "PUBLIC"."TB_SYS_UPLOAD"(
    "OID" CHAR(36) NOT NULL,
    "SYSTEM" VARCHAR(10) NOT NULL,
    "SUB_DIR" VARCHAR(4) NOT NULL,
    "TYPE" VARCHAR(10) NOT NULL,
    "FILE_NAME" VARCHAR(50) NOT NULL,
    "SHOW_NAME" VARCHAR(255) NOT NULL,
    "IS_FILE" VARCHAR(1) DEFAULT 'Y' NOT NULL,
    "CONTENT" MEDIUMBLOB DEFAULT NULL,
    "CUSERID" VARCHAR(24) NOT NULL,
    "CDATE" DATETIME NOT NULL,
    "UUSERID" VARCHAR(24) DEFAULT NULL,
    "UDATE" DATETIME DEFAULT NULL
);             
ALTER TABLE "PUBLIC"."TB_SYS_UPLOAD" ADD CONSTRAINT "PUBLIC"."CONSTRAINT_24" PRIMARY KEY("OID");              
-- 0 +/- SELECT COUNT(*) FROM PUBLIC.TB_SYS_UPLOAD;           
CREATE INDEX "PUBLIC"."SYS_UPLOAD_IDX_1" ON "PUBLIC"."TB_SYS_UPLOAD"("SYSTEM", "TYPE", "SUB_DIR");            
CREATE CACHED TABLE "PUBLIC"."TB_SYS_USESS"(
    "OID" CHAR(36) NOT NULL,
    "SESSION_ID" VARCHAR(64) NOT NULL,
    "ACCOUNT" VARCHAR(24) NOT NULL,
    "CURRENT_ID" VARCHAR(36) NOT NULL,
    "CUSERID" VARCHAR(24) NOT NULL,
    "CDATE" DATETIME NOT NULL,
    "UUSERID" VARCHAR(24) DEFAULT NULL,
    "UDATE" DATETIME DEFAULT NULL
);          
ALTER TABLE "PUBLIC"."TB_SYS_USESS" ADD CONSTRAINT "PUBLIC"."CONSTRAINT_8D" PRIMARY KEY("OID", "SESSION_ID"); 
-- 0 +/- SELECT COUNT(*) FROM PUBLIC.TB_SYS_USESS;            
CREATE INDEX "PUBLIC"."SYS_USESS_IDX_1" ON "PUBLIC"."TB_SYS_USESS"("CURRENT_ID");             
CREATE CACHED TABLE "PUBLIC"."TB_USER_ROLE"(
    "OID" CHAR(36) NOT NULL,
    "ROLE" VARCHAR(50) NOT NULL,
    "ACCOUNT" VARCHAR(24) NOT NULL,
    "DESCRIPTION" VARCHAR(500) NOT NULL,
    "CUSERID" VARCHAR(24) NOT NULL,
    "CDATE" DATETIME NOT NULL,
    "UUSERID" VARCHAR(50) DEFAULT NULL,
    "UDATE" DATETIME DEFAULT NULL
);              
ALTER TABLE "PUBLIC"."TB_USER_ROLE" ADD CONSTRAINT "PUBLIC"."CONSTRAINT_4" PRIMARY KEY("OID");
-- 7 +/- SELECT COUNT(*) FROM PUBLIC.TB_USER_ROLE;            
INSERT INTO "PUBLIC"."TB_USER_ROLE" VALUES
('1c62cf70-ca6b-4243-8aa9-49b555024c45', 'COMMON01', 'steven', '', 'admin', TIMESTAMP '2017-05-10 14:19:58', NULL, NULL),
('36054c19-0519-11eb-b8a3-a57f733ab5b5', 'COMMON01', 'bill', '', 'admin', TIMESTAMP '2020-10-03 01:39:00', NULL, NULL),
('4e6253cd-0519-11eb-b8a3-97213ada0f8c', 'COMMON01', 'frank', '', 'admin', TIMESTAMP '2020-10-03 01:39:41', NULL, NULL),
('640b10f1-0519-11eb-b8a3-bd311f0b2cb2', 'COMMON01', 'cindy', '', 'admin', TIMESTAMP '2020-10-03 01:40:17', NULL, NULL),
('9243c7de-43b1-46ef-ac4b-2620697f319e', 'admin', 'admin', 'Administrator', 'admin', TIMESTAMP '2014-09-23 00:00:00', NULL, NULL),
('bd7bf78c-d84b-4524-8273-273f883d30b5', 'COMMON01', 'tester', '', 'admin', TIMESTAMP '2017-05-10 11:01:50', NULL, NULL),
('da0c0462-4bf7-417b-99da-fc2e378a5ccc', 'COMMON01', 'tiffany', '', 'admin', TIMESTAMP '2017-05-10 11:01:43', NULL, NULL); 
CREATE CACHED TABLE "PUBLIC"."HF_AGGREGATION_METHOD"(
    "OID" CHAR(36) NOT NULL,
    "AGGR_ID" VARCHAR(14) NOT NULL,
    "NAME" VARCHAR(100) NOT NULL,
    "TYPE" VARCHAR(10) NOT NULL,
    "EXPRESSION1" VARCHAR(4000) NOT NULL,
    "EXPRESSION2" VARCHAR(4000) NOT NULL,
    "DESCRIPTION" VARCHAR(500) DEFAULT NULL,
    "CUSERID" VARCHAR(24) NOT NULL,
    "CDATE" DATETIME NOT NULL,
    "UUSERID" VARCHAR(24) DEFAULT NULL,
    "UDATE" DATETIME DEFAULT NULL
);        
ALTER TABLE "PUBLIC"."HF_AGGREGATION_METHOD" ADD CONSTRAINT "PUBLIC"."CONSTRAINT_E3" PRIMARY KEY("OID");      
-- 8 +/- SELECT COUNT(*) FROM PUBLIC.HF_AGGREGATION_METHOD;   
INSERT INTO "PUBLIC"."HF_AGGREGATION_METHOD" VALUES
('07675b9f-07d3-11eb-a5e8-a7944d4e6612', 'MAX_001', 'Max', 'GROOVY', STRINGDECODE('import org.qifu.hillfog.util.*;\n\nscore = AggregationMethod.build().max(kpi, formula, measureDatas);\n'), STRINGDECODE('import org.qifu.hillfog.util.*;\n\ndateRangeScores = AggregationMethod.build().maxDateRange(kpi, formula, measureDatas, frequency, dateRangeScores);\n'), 'get max score!', 'admin', TIMESTAMP '2020-10-06 12:54:10', 'admin', TIMESTAMP '2021-02-24 13:44:56.896'),
('1f2dbe0b-07d2-11eb-a5e8-31faaa9ef6bf', 'AVG_001', 'Average', 'GROOVY', STRINGDECODE('import org.qifu.hillfog.util.*;\n\nscore = AggregationMethod.build().average(kpi, formula, measureDatas);\n'), STRINGDECODE('import org.qifu.hillfog.util.*;\n\ndateRangeScores = AggregationMethod.build().averageDateRange(kpi, formula, measureDatas, frequency, dateRangeScores);\n'), 'for Average!', 'admin', TIMESTAMP '2020-10-06 12:47:41', 'admin', TIMESTAMP '2021-02-24 13:42:17.639'),
('337a2a10-07d3-11eb-a5e8-6ba5d1ef74bc', 'MIN_001', 'Min', 'GROOVY', STRINGDECODE('import org.qifu.hillfog.util.*;\n\nscore = AggregationMethod.build().min(kpi, formula, measureDatas);\n'), STRINGDECODE('import org.qifu.hillfog.util.*;\n\ndateRangeScores = AggregationMethod.build().minDateRange(kpi, formula, measureDatas, frequency, dateRangeScores);\n'), 'get min score!', 'admin', TIMESTAMP '2020-10-06 12:55:24', 'admin', TIMESTAMP '2021-02-24 13:45:40.099'),
('5595cffc-07d2-11eb-a5e8-9156c2b89371', 'AVG_002', 'Avg Dist (average distinct)', 'GROOVY', STRINGDECODE('import org.qifu.hillfog.util.*;\n\nscore = AggregationMethod.build().averageDistinct(kpi, formula, measureDatas);\n'), STRINGDECODE('import org.qifu.hillfog.util.*;\n\ndateRangeScores = AggregationMethod.build().averageDistinctDateRange(kpi, formula, measureDatas, frequency, dateRangeScores);\n'), 'For example, the average of (10, 10, 20) is 40/3, but the distinct average of (10, 10, 20) is 30/3.', 'admin', TIMESTAMP '2020-10-06 12:49:12', 'admin', TIMESTAMP '2021-02-24 13:43:13.892'),
('5d65d2c1-07d3-11eb-a5e8-03b3da263274', 'SUM_001', 'Sum', 'GROOVY', STRINGDECODE('import org.qifu.hillfog.util.*;\n\nscore = AggregationMethod.build().sum(kpi, formula, measureDatas);\n'), STRINGDECODE('import org.qifu.hillfog.util.*;\n\ndateRangeScores = AggregationMethod.build().sumDateRange(kpi, formula, measureDatas, frequency, dateRangeScores);\n'), 'for Sum!', 'admin', TIMESTAMP '2020-10-06 12:56:35', 'admin', TIMESTAMP '2021-02-24 13:46:08.376'),
('84a98cf2-07d3-11eb-a5e8-a78a4a0f6d92', 'SUM_002', 'Sum Dist (sum distinct)', 'GROOVY', STRINGDECODE('import org.qifu.hillfog.util.*;\n\nscore = AggregationMethod.build().sumDistinct(kpi, formula, measureDatas);\n'), STRINGDECODE('import org.qifu.hillfog.util.*;\n\ndateRangeScores = AggregationMethod.build().sumDistinctDateRange(kpi, formula, measureDatas, frequency, dateRangeScores);\n'), 'For example, the sum of (10,10) is 20, but the distinct sum of (10,10) is 10.', 'admin', TIMESTAMP '2020-10-06 12:57:41', 'admin', TIMESTAMP '2021-02-24 13:46:28.2'),
('868fce8d-07d2-11eb-a5e8-938551191f7a', 'CNT_001', 'Count', 'GROOVY', STRINGDECODE('import org.qifu.hillfog.util.*;\n\nscore = AggregationMethod.build().count(kpi, formula, measureDatas);\n'), STRINGDECODE('import org.qifu.hillfog.util.*;\n\ndateRangeScores = AggregationMethod.build().countDateRange(kpi, formula, measureDatas, frequency, dateRangeScores);\n'), STRINGDECODE('returns the count records of measure data. \nDoes not require the calculation formula.'), 'admin', TIMESTAMP '2020-10-06 12:50:34', 'admin', TIMESTAMP '2021-02-24 13:44:04.366'),
('b22b4a1e-07d2-11eb-a5e8-85cf340d68c6', 'CNT_002', 'Count Dist (count distinct)', 'GROOVY', STRINGDECODE('import org.qifu.hillfog.util.*;\n\nscore = AggregationMethod.build().countDistinct(kpi, formula, measureDatas);\n'), STRINGDECODE('import org.qifu.hillfog.util.*;\n\ndateRangeScores = AggregationMethod.build().countDistinctDateRange(kpi, formula, measureDatas, frequency, dateRangeScores);\n'), 'For example, the count of (1, 1, 2, 3) is 4, but the distinct count of (1, 1, 2, 3) is 3.', 'admin', TIMESTAMP '2020-10-06 12:51:47', 'admin', TIMESTAMP '2021-02-24 13:44:30.276');              
CREATE INDEX "PUBLIC"."AGGR_METHOD_IDX_1" ON "PUBLIC"."HF_AGGREGATION_METHOD"("NAME");        
CREATE CACHED TABLE "PUBLIC"."HF_EMPLOYEE"(
    "OID" CHAR(36) NOT NULL,
    "ACCOUNT" VARCHAR(24) NOT NULL,
    "EMP_ID" VARCHAR(15) NOT NULL,
    "NAME" VARCHAR(25) NOT NULL,
    "DESCRIPTION" VARCHAR(500) DEFAULT '' NOT NULL,
    "CUSERID" VARCHAR(24) NOT NULL,
    "CDATE" DATETIME NOT NULL,
    "UUSERID" VARCHAR(24) DEFAULT NULL,
    "UDATE" DATETIME DEFAULT NULL
);
ALTER TABLE "PUBLIC"."HF_EMPLOYEE" ADD CONSTRAINT "PUBLIC"."CONSTRAINT_27" PRIMARY KEY("OID");
-- 3 +/- SELECT COUNT(*) FROM PUBLIC.HF_EMPLOYEE;             
INSERT INTO "PUBLIC"."HF_EMPLOYEE" VALUES
('0', 'admin', 'EMP001', 'Administrator', '', 'sys', TIMESTAMP '2020-10-03 09:43:37', NULL, NULL),
('35e73cc7-0519-11eb-b8a3-b35804e4e844', 'bill', 'EMP004', 'Bill chen', '', 'admin', TIMESTAMP '2020-10-03 01:39:00', NULL, NULL),
('4e5d23ab-0519-11eb-b8a3-0762c594204e', 'frank', 'EMP002', 'Frank wang', '', 'admin', TIMESTAMP '2020-10-03 01:39:41', NULL, NULL);       
CREATE INDEX "PUBLIC"."EMPLOYEE_IDX_1" ON "PUBLIC"."HF_EMPLOYEE"("EMP_ID", "NAME");           
CREATE CACHED TABLE "PUBLIC"."HF_EMPLOYEE_ORG"(
    "OID" CHAR(36) NOT NULL,
    "ACCOUNT" VARCHAR(24) NOT NULL,
    "ORG_ID" VARCHAR(15) NOT NULL,
    "CUSERID" VARCHAR(24) NOT NULL,
    "CDATE" DATETIME NOT NULL,
    "UUSERID" VARCHAR(24) DEFAULT NULL,
    "UDATE" DATETIME DEFAULT NULL
);   
ALTER TABLE "PUBLIC"."HF_EMPLOYEE_ORG" ADD CONSTRAINT "PUBLIC"."CONSTRAINT_AE" PRIMARY KEY("OID");            
-- 2 +/- SELECT COUNT(*) FROM PUBLIC.HF_EMPLOYEE_ORG;         
INSERT INTO "PUBLIC"."HF_EMPLOYEE_ORG" VALUES
('35f28768-0519-11eb-b8a3-8bfef45aea64', 'bill', 'IT', 'admin', TIMESTAMP '2020-10-03 01:39:00', NULL, NULL),
('4e5ed15c-0519-11eb-b8a3-c5dbe5d18783', 'frank', 'FIN', 'admin', TIMESTAMP '2020-10-03 01:39:41', NULL, NULL); 
CREATE CACHED TABLE "PUBLIC"."HF_FORMULA"(
    "OID" CHAR(36) NOT NULL,
    "FOR_ID" VARCHAR(14) NOT NULL,
    "NAME" VARCHAR(100) NOT NULL,
    "TYPE" VARCHAR(10) NOT NULL,
    "RETURN_MODE" VARCHAR(1) DEFAULT 'D' NOT NULL,
    "RETURN_VAR" VARCHAR(50) DEFAULT '' NOT NULL,
    "EXPRESSION" VARCHAR(4000) NOT NULL,
    "DESCRIPTION" VARCHAR(500) DEFAULT NULL,
    "CUSERID" VARCHAR(24) NOT NULL,
    "CDATE" DATETIME NOT NULL,
    "UUSERID" VARCHAR(24) DEFAULT NULL,
    "UDATE" DATETIME DEFAULT NULL
);         
ALTER TABLE "PUBLIC"."HF_FORMULA" ADD CONSTRAINT "PUBLIC"."CONSTRAINT_C" PRIMARY KEY("OID");  
-- 1 +/- SELECT COUNT(*) FROM PUBLIC.HF_FORMULA;              
INSERT INTO "PUBLIC"."HF_FORMULA" VALUES
('6349c44a-07d1-11eb-a5e8-ef9de1a822a0', 'F001', 'percent of target', 'GROOVY', 'C', 'ans', STRINGDECODE('import org.apache.commons.lang3.math.*;\nimport java.lang.*;\n\nif ($P{actual} > 0 && $P{target} > 0 ) {\n    ans = $P{actual} \u00f7 $P{target} \u00d7 100;\n    return ans;\n}\nif (\n    ($P{actual} <= 0 && $P{target} < 0 && $P{actual} >= $P{target})\n    ||\n    ($P{actual} <= 0 && $P{target} < 0 && $P{actual} < $P{target})\n    ||\n    ($P{actual} > 0 && $P{target} < 0 )\n) {\n    ans = (((($P{target} - $P{actual}) \u00f7 $P{target}) \u00d7 100) + 100);\n    return ans;\n}\nif ($P{actual} < 0 && $P{target} > 0 ) {\n    ans = (((($P{actual} - $P{target}) \u00f7 $P{target}) \u00d7 100) + 100);\n    return ans;\n}\nif ($P{actual} == 0 && $P{target} > 0 ) {\n    ans = BigDecimal.ZERO;\n    return ans;\n}\nif ($P{actual} >= 0 && $P{target} == 0 ) {\n    ans = (($P{actual} \u00d7 100) + 100);\n    return ans;\n}\nif ($P{actual} < 0 && $P{target} == 0 ) {\n    ans = (($P{actual} \u00d7 100) + 100);\n    return ans;\n}\nans = BigDecimal.ZERO;\nreturn ans;'), '', 'admin', TIMESTAMP '2020-10-06 12:42:26', 'admin', TIMESTAMP '2021-02-24 13:39:23.839');      
CREATE INDEX "PUBLIC"."FORMULA_IDX_1" ON "PUBLIC"."HF_FORMULA"("NAME");       
CREATE CACHED TABLE "PUBLIC"."HF_KPI"(
    "OID" CHAR(36) NOT NULL,
    "ID" VARCHAR(14) NOT NULL,
    "NAME" VARCHAR(100) NOT NULL,
    "DESCRIPTION" VARCHAR(500) DEFAULT NULL,
    "WEIGHT" DECIMAL(5, 2) DEFAULT 0.00 NOT NULL,
    "UNIT" VARCHAR(20) NOT NULL,
    "FOR_ID" VARCHAR(14) NOT NULL,
    "MAX" DECIMAL(12, 2) DEFAULT 0.00 NOT NULL,
    "TARGET" DECIMAL(12, 2) DEFAULT 0.00 NOT NULL,
    "MIN" DECIMAL(12, 2) DEFAULT 0.00 NOT NULL,
    "MANAGEMENT" VARCHAR(1) DEFAULT '1' NOT NULL,
    "COMPARE_TYPE" VARCHAR(1) DEFAULT '1' NOT NULL,
    "AGGR_ID" VARCHAR(14) NOT NULL,
    "DATA_TYPE" VARCHAR(1) NOT NULL,
    "QUASI_RANGE" INT DEFAULT 0 NOT NULL,
    "CUSERID" VARCHAR(24) NOT NULL,
    "CDATE" DATETIME NOT NULL,
    "UUSERID" VARCHAR(24) DEFAULT NULL,
    "UDATE" DATETIME DEFAULT NULL
);       
ALTER TABLE "PUBLIC"."HF_KPI" ADD CONSTRAINT "PUBLIC"."CONSTRAINT_7E" PRIMARY KEY("OID");     
-- 1 +/- SELECT COUNT(*) FROM PUBLIC.HF_KPI;  
INSERT INTO "PUBLIC"."HF_KPI" VALUES
('ba3915ff-0dbf-11eb-9ab3-0336f20b4d50', 'K01', STRINGDECODE('\u6e2c\u8a66KPI'), 'test', 40.00, '%', 'F001', 100.00, 80.00, 60.00, '1', '1', 'AVG_001', '1', 0, 'admin', TIMESTAMP '2020-10-14 01:51:07', 'admin', TIMESTAMP '2021-04-10 09:50:50.182');
CREATE INDEX "PUBLIC"."KPI_IDX_1" ON "PUBLIC"."HF_KPI"("NAME", "FOR_ID");     
CREATE CACHED TABLE "PUBLIC"."HF_KPI_EMPL"(
    "OID" CHAR(36) NOT NULL,
    "KPI_ID" VARCHAR(14) NOT NULL,
    "ACCOUNT" VARCHAR(24) NOT NULL,
    "CUSERID" VARCHAR(24) NOT NULL,
    "CDATE" DATETIME NOT NULL,
    "UUSERID" VARCHAR(24) DEFAULT NULL,
    "UDATE" DATETIME DEFAULT NULL
);       
ALTER TABLE "PUBLIC"."HF_KPI_EMPL" ADD CONSTRAINT "PUBLIC"."CONSTRAINT_2A" PRIMARY KEY("OID");
-- 1 +/- SELECT COUNT(*) FROM PUBLIC.HF_KPI_EMPL;             
INSERT INTO "PUBLIC"."HF_KPI_EMPL" VALUES
('2d33a0ad-999f-11eb-bde3-abac9bfaf34a', 'K01', 'frank', 'admin', TIMESTAMP '2021-04-10 09:50:50.216', NULL, NULL);
CREATE CACHED TABLE "PUBLIC"."HF_KPI_ORGA"(
    "OID" CHAR(36) NOT NULL,
    "KPI_ID" VARCHAR(14) NOT NULL,
    "ORG_ID" VARCHAR(15) NOT NULL,
    "CUSERID" VARCHAR(24) NOT NULL,
    "CDATE" DATETIME NOT NULL,
    "UUSERID" VARCHAR(24) DEFAULT NULL,
    "UDATE" DATETIME DEFAULT NULL
);        
ALTER TABLE "PUBLIC"."HF_KPI_ORGA" ADD CONSTRAINT "PUBLIC"."CONSTRAINT_2AA" PRIMARY KEY("OID");               
-- 2 +/- SELECT COUNT(*) FROM PUBLIC.HF_KPI_ORGA;             
INSERT INTO "PUBLIC"."HF_KPI_ORGA" VALUES
('2d31cbeb-999f-11eb-bde3-2b9bf31fa94e', 'K01', 'FIN', 'admin', TIMESTAMP '2021-04-10 09:50:50.203', NULL, NULL),
('2d32682c-999f-11eb-bde3-f320adf444f8', 'K01', 'HR', 'admin', TIMESTAMP '2021-04-10 09:50:50.207', NULL, NULL);
CREATE CACHED TABLE "PUBLIC"."HF_MEASURE_DATA"(
    "OID" CHAR(36) NOT NULL,
    "KPI_ID" VARCHAR(14) NOT NULL,
    "DATE" VARCHAR(8) NOT NULL,
    "TARGET" DECIMAL(12, 2) DEFAULT 0.00 NOT NULL,
    "ACTUAL" DECIMAL(12, 2) DEFAULT 0.00 NOT NULL,
    "FREQUENCY" VARCHAR(1) NOT NULL,
    "ORG_ID" VARCHAR(10) DEFAULT '*' NOT NULL,
    "ACCOUNT" VARCHAR(24) DEFAULT '*' NOT NULL,
    "CUSERID" VARCHAR(24) NOT NULL,
    "CDATE" DATETIME NOT NULL,
    "UUSERID" VARCHAR(24) DEFAULT NULL,
    "UDATE" DATETIME DEFAULT NULL
);        
ALTER TABLE "PUBLIC"."HF_MEASURE_DATA" ADD CONSTRAINT "PUBLIC"."CONSTRAINT_7EF" PRIMARY KEY("OID");           
-- 5 +/- SELECT COUNT(*) FROM PUBLIC.HF_MEASURE_DATA;         
INSERT INTO "PUBLIC"."HF_MEASURE_DATA" VALUES
('ce752ed3-9825-11eb-aa99-8b5d98c3fe4d', 'K01', '20210413', 300.00, 153.00, '1', 'FIN', '*', 'admin', TIMESTAMP '2021-04-08 12:49:30.996', NULL, NULL),
('ce7c33b4-9825-11eb-aa99-bde3fd50d8ab', 'K01', '20210408', 100.00, 68.00, '1', 'FIN', '*', 'admin', TIMESTAMP '2021-04-08 12:49:31.039', NULL, NULL),
('d5490af5-9996-11eb-a364-dff07581e36b', 'K01', '20210101', 100.00, 73.00, '6', 'FIN', '*', 'admin', TIMESTAMP '2021-04-10 08:51:06.742', NULL, NULL),
('ff1d822e-9996-11eb-a364-b1736e44379f', 'K01', '20210301', 100.00, 51.00, '3', 'FIN', '*', 'admin', TIMESTAMP '2021-04-10 08:52:16.921', NULL, NULL),
('ff1f7dff-9996-11eb-a364-f35f0cfbaf28', 'K01', '20210401', 100.00, 66.00, '3', 'FIN', '*', 'admin', TIMESTAMP '2021-04-10 08:52:16.934', NULL, NULL);        
CREATE INDEX "PUBLIC"."MEASURE_DATA_IDX_1" ON "PUBLIC"."HF_MEASURE_DATA"("FREQUENCY", "ORG_ID", "ACCOUNT");   
CREATE CACHED TABLE "PUBLIC"."HF_ORG_DEPT"(
    "OID" CHAR(36) NOT NULL,
    "ORG_ID" VARCHAR(15) NOT NULL,
    "NAME" VARCHAR(25) NOT NULL,
    "DESCRIPTION" VARCHAR(500) DEFAULT '' NOT NULL,
    "CUSERID" VARCHAR(24) NOT NULL,
    "CDATE" DATETIME NOT NULL,
    "UUSERID" VARCHAR(24) DEFAULT NULL,
    "UDATE" DATETIME DEFAULT NULL
);     
ALTER TABLE "PUBLIC"."HF_ORG_DEPT" ADD CONSTRAINT "PUBLIC"."CONSTRAINT_30" PRIMARY KEY("OID");
-- 7 +/- SELECT COUNT(*) FROM PUBLIC.HF_ORG_DEPT;             
INSERT INTO "PUBLIC"."HF_ORG_DEPT" VALUES
('036ae3f5-0519-11eb-b8a3-f12f3fa151f4', 'SD', 'Sales', '', 'admin', TIMESTAMP '2020-10-03 01:37:35', NULL, NULL),
('7b7dadff-0518-11eb-b8a3-ef60293112ad', 'IT', 'Information technology', '', 'admin', TIMESTAMP '2020-10-03 01:33:47', NULL, NULL),
('84a212a0-0518-11eb-b8a3-c738e5f57b42', 'FIN', 'Finance', '', 'admin', TIMESTAMP '2020-10-03 01:34:02', NULL, NULL),
('93a41551-0518-11eb-b8a3-07ddefe26180', 'HR', 'Human resources', '', 'admin', TIMESTAMP '2020-10-03 01:34:27', NULL, NULL),
('b9bd8052-0518-11eb-b8a3-b7023b66d33c', 'AC', 'Accounting', '', 'admin', TIMESTAMP '2020-10-03 01:35:31', NULL, NULL),
('d1b97c43-0518-11eb-b8a3-6d8338deef0c', 'CEO', 'CEO office', '', 'admin', TIMESTAMP '2020-10-03 01:36:12', NULL, NULL),
('e95cd0e4-0518-11eb-b8a3-a732cf32f327', 'GA', 'General affairs', '', 'admin', TIMESTAMP '2020-10-03 01:36:51', NULL, NULL);      
CREATE INDEX "PUBLIC"."ORG_DEPT_IDX_1" ON "PUBLIC"."HF_ORG_DEPT"("NAME");     
CREATE CACHED TABLE "PUBLIC"."HF_OBJECTIVE"(
    "OID" CHAR(36) NOT NULL,
    "NAME" VARCHAR(100) NOT NULL,
    "START_DATE" VARCHAR(8) NOT NULL,
    "END_DATE" VARCHAR(8) NOT NULL,
    "DESCRIPTION" VARCHAR(500) DEFAULT ' ' NOT NULL,
    "CUSERID" VARCHAR(24) NOT NULL,
    "CDATE" DATETIME NOT NULL,
    "UUSERID" VARCHAR(24) DEFAULT NULL,
    "UDATE" DATETIME DEFAULT NULL
);          
ALTER TABLE "PUBLIC"."HF_OBJECTIVE" ADD CONSTRAINT "PUBLIC"."CONSTRAINT_D5" PRIMARY KEY("OID");               
-- 2 +/- SELECT COUNT(*) FROM PUBLIC.HF_OBJECTIVE;            
INSERT INTO "PUBLIC"."HF_OBJECTIVE" VALUES
('a90a9114-93a9-11eb-9a00-6f928ca7781c', STRINGDECODE('\u6e2c\u8a66'), '20210402', '20210630', STRINGDECODE('\u6d3b\u8457\u7684\u76ee\u7684\u4e0d\u5728\u65bc\u6c38\u9060\u6d3b\u8457\uff0c\u800c\u5728\u65bc\u6c38\u9060\u6d3b\u51fa\u81ea\u5df1\u3002\n\u5225\u4eba\u600e\u9ebc\u8a55\u50f9\u4f60\u90fd\u4e0d\u91cd\u8981\uff0c\u6700\u91cd\u8981\u7684\u662f\u81ea\u5df1\u5f97\u770b\u7684\u8d77\u81ea\u5df1\u3002\n\u9019\u5c31\u662f\u4eba\u751f\uff0c\u4f60\u4e0d\u60f3\u6539\u8b8a\u5b83\uff0c\u90a3\u9ebc\u5b83\u5c31\u6703\u6539\u8b8a\u4f60\u3002\n\u7c21\u55ae\u7684\u4e8b\u5f8c\u7e3d\u7d50\u90fd\u662f\u7121\u7528\u7684\uff0c\u95dc\u9375\u662f\u4e8b\u524d\u80fd\u5920\u9810\u671f\u7684\u67d0\u4e9b\u898f\u5f8b\u3002\n\u7011\u5e03\u4e4b\u6240\u4ee5\u58ef\u89c0\uff0c\u662f\u56e0\u70ba\u5b83\u6c92\u6709\u9000\u8def\u3002\n\u6210\u719f\u4e0d\u662f\u56e0\u70ba\u5fc3\u614b\u8001\u4e86\uff0c\u800c\u662f\u773c\u89d2\u639b\u8457\u6dda\u7684\u6642\u5019\u537b\u9084\u80fd\u5fae\u7b11\u3002'), 'admin', TIMESTAMP '2021-04-02 19:50:45.973', 'bill', TIMESTAMP '2021-04-10 10:50:09.756'),
('3f57f3f0-94fc-11eb-866e-ed088f2ce250', STRINGDECODE('\u63d0\u5347\u9867\u5ba2\u6eff\u610f\u5ea6'), '20210404', '20211031', STRINGDECODE('\u5403\u98fd\u6c92\u4e8b\u5e79\n0800956956'), 'admin', TIMESTAMP '2021-04-04 12:14:28.034', 'admin', TIMESTAMP '2021-04-10 09:50:22.633');           
CREATE CACHED TABLE "PUBLIC"."HF_KEY_RES"(
    "OID" CHAR(36) NOT NULL,
    "OBJ_OID" CHAR(36) NOT NULL,
    "NAME" VARCHAR(100) NOT NULL,
    "TARGET" DECIMAL(12, 2) DEFAULT 0.00 NOT NULL,
    "GP_TYPE" VARCHAR(1) NOT NULL,
    "OP_TARGET" VARCHAR(1) NOT NULL,
    "DESCRIPTION" VARCHAR(500) DEFAULT ' ' NOT NULL,
    "CUSERID" VARCHAR(24) NOT NULL,
    "CDATE" DATETIME NOT NULL,
    "UUSERID" VARCHAR(24) DEFAULT NULL,
    "UDATE" DATETIME DEFAULT NULL
);        
ALTER TABLE "PUBLIC"."HF_KEY_RES" ADD CONSTRAINT "PUBLIC"."CONSTRAINT_C6" PRIMARY KEY("OID"); 
-- 3 +/- SELECT COUNT(*) FROM PUBLIC.HF_KEY_RES;              
INSERT INTO "PUBLIC"."HF_KEY_RES" VALUES
('a9128059-93a9-11eb-9a00-45f064726840', 'a90a9114-93a9-11eb-9a00-6f928ca7781c', STRINGDECODE('\u5b8c\u6210\u554f\u5377\u6a23\u672c\u6578'), 50.00, '1', '4', STRINGDECODE('\u5168\u7403\u516c\u53f8'), 'admin', TIMESTAMP '2021-04-02 19:50:46.026', 'bill', TIMESTAMP '2021-04-10 10:50:09.818'),
('3f5cfd03-94fc-11eb-866e-1be696748004', '3f57f3f0-94fc-11eb-866e-ed088f2ce250', STRINGDECODE('\u55ae\u6708\u5ba2\u8a34\u5c11\u65bc10\u4ef6'), 10.00, '1', '2', STRINGDECODE('\u5ba2\u8a34\u6b21\u6578'), 'admin', TIMESTAMP '2021-04-04 12:14:28.066', 'admin', TIMESTAMP '2021-04-10 09:50:22.67'),
('3c5417e8-96d0-11eb-b758-356f0859047f', 'a90a9114-93a9-11eb-9a00-6f928ca7781c', STRINGDECODE('\u4e0d\u723d'), 10.00, '3', '2', '', 'admin', TIMESTAMP '2021-04-06 20:04:27.444', 'bill', TIMESTAMP '2021-04-10 10:50:09.814');         
CREATE CACHED TABLE "PUBLIC"."HF_KEY_RES_VAL"(
    "OID" CHAR(36) NOT NULL,
    "OBJ_OID" CHAR(36) NOT NULL,
    "RES_OID" CHAR(36) NOT NULL,
    "DATE" VARCHAR(8) NOT NULL,
    "VALUE" DECIMAL(12, 2) DEFAULT 0.00 NOT NULL,
    "CUSERID" VARCHAR(24) NOT NULL,
    "CDATE" DATETIME NOT NULL,
    "UUSERID" VARCHAR(24) DEFAULT NULL,
    "UDATE" DATETIME DEFAULT NULL
);     
ALTER TABLE "PUBLIC"."HF_KEY_RES_VAL" ADD CONSTRAINT "PUBLIC"."CONSTRAINT_948" PRIMARY KEY("OID");            
-- 12 +/- SELECT COUNT(*) FROM PUBLIC.HF_KEY_RES_VAL;         
INSERT INTO "PUBLIC"."HF_KEY_RES_VAL" VALUES
('7e1072bc-9873-11eb-8eb6-6311eb9f236b', '3f57f3f0-94fc-11eb-866e-ed088f2ce250', '3f5cfd03-94fc-11eb-866e-1be696748004', '20210410', 0.00, 'admin', TIMESTAMP '2021-04-08 22:05:36.862', NULL, NULL),
('b3268858-9873-11eb-8eb6-57940359a697', 'a90a9114-93a9-11eb-9a00-6f928ca7781c', '3c5417e8-96d0-11eb-b758-356f0859047f', '20210408', 6.00, 'admin', TIMESTAMP '2021-04-08 22:07:05.926', NULL, NULL),
('b32ec5b9-9873-11eb-8eb6-f5ec694192db', 'a90a9114-93a9-11eb-9a00-6f928ca7781c', '3c5417e8-96d0-11eb-b758-356f0859047f', '20210402', 2.00, 'admin', TIMESTAMP '2021-04-08 22:07:05.979', NULL, NULL),
('b3326f3a-9873-11eb-8eb6-edd9ab905c34', 'a90a9114-93a9-11eb-9a00-6f928ca7781c', '3c5417e8-96d0-11eb-b758-356f0859047f', '20210405', 3.00, 'admin', TIMESTAMP '2021-04-08 22:07:06.003', NULL, NULL),
('89a2fb5c-9938-11eb-84e4-1976f1e74420', 'a90a9114-93a9-11eb-9a00-6f928ca7781c', 'a9128059-93a9-11eb-9a00-45f064726840', '20210413', 1.00, 'admin', TIMESTAMP '2021-04-09 21:36:07.132', NULL, NULL),
('89a5ba7d-9938-11eb-84e4-c332c710cf76', 'a90a9114-93a9-11eb-9a00-6f928ca7781c', 'a9128059-93a9-11eb-9a00-45f064726840', '20210415', 30.00, 'admin', TIMESTAMP '2021-04-09 21:36:07.149', NULL, NULL),
('89a78f3e-9938-11eb-84e4-65590f777827', 'a90a9114-93a9-11eb-9a00-6f928ca7781c', 'a9128059-93a9-11eb-9a00-45f064726840', '20210414', 1.00, 'admin', TIMESTAMP '2021-04-09 21:36:07.161', NULL, NULL),
('89a9b21f-9938-11eb-84e4-b36d22ea9866', 'a90a9114-93a9-11eb-9a00-6f928ca7781c', 'a9128059-93a9-11eb-9a00-45f064726840', '20210420', 1.00, 'admin', TIMESTAMP '2021-04-09 21:36:07.175', NULL, NULL),
('89aac390-9938-11eb-84e4-a5a7f7fe988d', 'a90a9114-93a9-11eb-9a00-6f928ca7781c', 'a9128059-93a9-11eb-9a00-45f064726840', '20210402', 1.00, 'admin', TIMESTAMP '2021-04-09 21:36:07.183', NULL, NULL),
('89abfc11-9938-11eb-84e4-8ba88a87ebc1', 'a90a9114-93a9-11eb-9a00-6f928ca7781c', 'a9128059-93a9-11eb-9a00-45f064726840', '20210424', 7.00, 'admin', TIMESTAMP '2021-04-09 21:36:07.191', NULL, NULL),
('89ada9c2-9938-11eb-84e4-d127ca552e34', 'a90a9114-93a9-11eb-9a00-6f928ca7781c', 'a9128059-93a9-11eb-9a00-45f064726840', '20210422', 1.00, 'admin', TIMESTAMP '2021-04-09 21:36:07.201', NULL, NULL),
('89af5773-9938-11eb-84e4-397acbf5834b', 'a90a9114-93a9-11eb-9a00-6f928ca7781c', 'a9128059-93a9-11eb-9a00-45f064726840', '20210428', 1.00, 'admin', TIMESTAMP '2021-04-09 21:36:07.212', NULL, NULL);             
CREATE CACHED TABLE "PUBLIC"."HF_OBJ_DEPT"(
    "OID" CHAR(36) NOT NULL,
    "OBJ_OID" CHAR(36) NOT NULL,
    "ORG_ID" VARCHAR(15) NOT NULL,
    "CUSERID" VARCHAR(24) NOT NULL,
    "CDATE" DATETIME NOT NULL,
    "UUSERID" VARCHAR(24) DEFAULT NULL,
    "UDATE" DATETIME DEFAULT NULL
);          
ALTER TABLE "PUBLIC"."HF_OBJ_DEPT" ADD CONSTRAINT "PUBLIC"."CONSTRAINT_E7" PRIMARY KEY("OID");
-- 3 +/- SELECT COUNT(*) FROM PUBLIC.HF_OBJ_DEPT;             
INSERT INTO "PUBLIC"."HF_OBJ_DEPT" VALUES
('1cc7adab-999f-11eb-bde3-a54be18aac18', '3f57f3f0-94fc-11eb-866e-ed088f2ce250', 'SD', 'admin', TIMESTAMP '2021-04-10 09:50:22.663', NULL, NULL),
('76e10aca-99a7-11eb-8f3e-519eed4e2088', 'a90a9114-93a9-11eb-9a00-6f928ca7781c', 'CEO', 'bill', TIMESTAMP '2021-04-10 10:50:09.799', NULL, NULL),
('76e1a70b-99a7-11eb-8f3e-7bd8227f106c', 'a90a9114-93a9-11eb-9a00-6f928ca7781c', 'IT', 'bill', TIMESTAMP '2021-04-10 10:50:09.803', NULL, NULL);             
CREATE CACHED TABLE "PUBLIC"."HF_OBJ_OWNER"(
    "OID" CHAR(36) NOT NULL,
    "OBJ_OID" CHAR(36) NOT NULL,
    "ACCOUNT" VARCHAR(24) NOT NULL,
    "CUSERID" VARCHAR(24) NOT NULL,
    "CDATE" DATETIME NOT NULL,
    "UUSERID" VARCHAR(24) DEFAULT NULL,
    "UDATE" DATETIME DEFAULT NULL
);        
ALTER TABLE "PUBLIC"."HF_OBJ_OWNER" ADD CONSTRAINT "PUBLIC"."CONSTRAINT_21" PRIMARY KEY("OID");               
-- 2 +/- SELECT COUNT(*) FROM PUBLIC.HF_OBJ_OWNER;            
INSERT INTO "PUBLIC"."HF_OBJ_OWNER" VALUES
('1cc69c3a-999f-11eb-bde3-add123320d75', '3f57f3f0-94fc-11eb-866e-ed088f2ce250', 'frank', 'admin', TIMESTAMP '2021-04-10 09:50:22.657', NULL, NULL),
('76dfab39-99a7-11eb-8f3e-eb8f80268a98', 'a90a9114-93a9-11eb-9a00-6f928ca7781c', 'bill', 'bill', TIMESTAMP '2021-04-10 10:50:09.79', NULL, NULL);           
CREATE CACHED TABLE "PUBLIC"."HF_INITIATIVES"(
    "OID" CHAR(36) NOT NULL,
    "OBJ_OID" CHAR(36) NOT NULL,
    "CONTENT" VARCHAR(2000) DEFAULT ' ' NOT NULL,
    "CUSERID" VARCHAR(24) NOT NULL,
    "CDATE" DATETIME NOT NULL,
    "UUSERID" VARCHAR(24) DEFAULT NULL,
    "UDATE" DATETIME DEFAULT NULL
);        
ALTER TABLE "PUBLIC"."HF_INITIATIVES" ADD CONSTRAINT "PUBLIC"."CONSTRAINT_6" PRIMARY KEY("OID");              
-- 3 +/- SELECT COUNT(*) FROM PUBLIC.HF_INITIATIVES;          
INSERT INTO "PUBLIC"."HF_INITIATIVES" VALUES
('1ccabaec-999f-11eb-bde3-9fd43fc6864f', '3f57f3f0-94fc-11eb-866e-ed088f2ce250', 'This is a test!', 'admin', TIMESTAMP '2021-04-10 09:50:22.684', NULL, NULL),
('76e5026c-99a7-11eb-8f3e-4946449d226d', 'a90a9114-93a9-11eb-9a00-6f928ca7781c', STRINGDECODE('\u7d2b\u7f57\u5170\u6c38\u6052\u82b1\u56ed\u597d\u770b\u5230\u75db\u54ed\u6d41\u6d95'), 'bill', TIMESTAMP '2021-04-10 10:50:09.824', NULL, NULL),
('76e613dd-99a7-11eb-8f3e-352ff8ad0b95', 'a90a9114-93a9-11eb-9a00-6f928ca7781c', STRINGDECODE('\u5679\u5679\u5679...\n\n\u4f60\u77e5\u4e0d\u77e5\u9053\u4ec0\u9ebc\u662f\u5679\u5679\u5679\u5679\u5679\u5679...\n(\u751a\u9ebc\u5679\u5679\u5679\u5440\uff1f...)\n\u5679\u5679\u5679\u5679\u5679\u5679\u5679... \u5c31\u662f...\nOnly you, \u80fd\u4f34\u6211\u53d6\u897f\u7d93 \nOnly you, \u80fd\u6bba\u5996\u548c\u9664\u9b54 \nOnly you, \u80fd\u4fdd\u8b77\u6211 \u53eb\u8783\u87f9\u548c\u868c\u7cbe\u7121\u6cd5\u5403\u6211 \n\u4f60\u672c\u9818\u6700\u5927 \u5c31\u662f Only you \n(\u5509\uff5e...\u5443...)\nO...O...\uff5e Only you \uff5e\u5225\u602a\u5e2b\u7236\u6ef4\u5495 \u6234\u4e0a\u7dca\u7b8d\u5152 \n\u5225\u6015\u6b7b \u5225\u986b\u6296 \u80cc\u9ed1\u934b\u6211\u4f86 \u9001\u6b7b\u4f60\u53bb '), 'bill', TIMESTAMP '2021-04-10 10:50:09.831', NULL, NULL);       
CREATE INDEX "PUBLIC"."HF_INITIATIVES_IDX_1" ON "PUBLIC"."HF_INITIATIVES"("OBJ_OID");         
CREATE CACHED TABLE "PUBLIC"."HF_PDCA"(
    "OID" CHAR(36) NOT NULL,
    "NAME" VARCHAR(100) NOT NULL,
    "MST_TYPE" VARCHAR(1) DEFAULT ' ' NOT NULL,
    "MST_OID" CHAR(36) NOT NULL,
    "KPI_FREQUENCY" VARCHAR(1) DEFAULT ' ' NOT NULL,
    "KPI_MEASURE_DATE1" VARCHAR(8) DEFAULT '00000000' NOT NULL,
    "KPI_MEASURE_DATE2" VARCHAR(8) DEFAULT '00000000' NOT NULL,
    "START_DATE" VARCHAR(8) NOT NULL,
    "END_DATE" VARCHAR(8) NOT NULL,
    "CONFIRM_UID" VARCHAR(24) DEFAULT NULL,
    "CONFIRM_DATE" DATETIME DEFAULT NULL,
    "DESCRIPTION" VARCHAR(4000) DEFAULT NULL,
    "PDCA_NUM" VARCHAR(100) NOT NULL,
    "CUSERID" VARCHAR(24) NOT NULL,
    "CDATE" DATETIME NOT NULL,
    "UUSERID" VARCHAR(24) DEFAULT NULL,
    "UDATE" DATETIME DEFAULT NULL
);            
ALTER TABLE "PUBLIC"."HF_PDCA" ADD CONSTRAINT "PUBLIC"."CONSTRAINT_5" PRIMARY KEY("OID");     
-- 0 +/- SELECT COUNT(*) FROM PUBLIC.HF_PDCA; 
CREATE INDEX "PUBLIC"."HF_PDCA_IDX1" ON "PUBLIC"."HF_PDCA"("START_DATE", "END_DATE");         
CREATE CACHED TABLE "PUBLIC"."HF_PDCA_ATTC"(
    "OID" CHAR(36) NOT NULL,
    "PDCA_OID" CHAR(36) NOT NULL,
    "UPLOAD_OID" CHAR(36) NOT NULL,
    "CUSERID" VARCHAR(24) NOT NULL,
    "CDATE" DATETIME NOT NULL,
    "UUSERID" VARCHAR(24) DEFAULT NULL,
    "UDATE" DATETIME DEFAULT NULL
);       
ALTER TABLE "PUBLIC"."HF_PDCA_ATTC" ADD CONSTRAINT "PUBLIC"."CONSTRAINT_C1" PRIMARY KEY("OID");               
-- 0 +/- SELECT COUNT(*) FROM PUBLIC.HF_PDCA_ATTC;            
CREATE INDEX "PUBLIC"."HF_PDCA_ATTC_IDX1" ON "PUBLIC"."HF_PDCA_ATTC"("PDCA_OID", "UPLOAD_OID");               
CREATE CACHED TABLE "PUBLIC"."HF_PDCA_CLOSE_REQ"(
    "OID" CHAR(36) NOT NULL,
    "PDCA_OID" CHAR(36) NOT NULL,
    "DESCRIPTION" VARCHAR(4000) NOT NULL,
    "CONFIRM_UID" VARCHAR(24) DEFAULT NULL,
    "CONFIRM_DATE" DATETIME DEFAULT NULL,
    "APPLY_FLAG" VARCHAR(1) DEFAULT 'A' NOT NULL,
    "ALLPY_TEXT" VARCHAR(4000) DEFAULT NULL,
    "CUSERID" VARCHAR(24) NOT NULL,
    "CDATE" DATETIME NOT NULL,
    "UUSERID" VARCHAR(24) DEFAULT NULL,
    "UDATE" DATETIME DEFAULT NULL
);   
ALTER TABLE "PUBLIC"."HF_PDCA_CLOSE_REQ" ADD CONSTRAINT "PUBLIC"."CONSTRAINT_A8" PRIMARY KEY("OID");          
-- 0 +/- SELECT COUNT(*) FROM PUBLIC.HF_PDCA_CLOSE_REQ;       
CREATE INDEX "PUBLIC"."HF_PDCA_CLOSE_REQ_IDX1" ON "PUBLIC"."HF_PDCA_CLOSE_REQ"("PDCA_OID", "APPLY_FLAG");     
CREATE CACHED TABLE "PUBLIC"."HF_PDCA_ITEM"(
    "OID" CHAR(36) NOT NULL,
    "PDCA_OID" CHAR(36) NOT NULL,
    "TYPE" VARCHAR(1) NOT NULL,
    "PARENT_OID" CHAR(36) DEFAULT '' NOT NULL,
    "NAME" VARCHAR(50) NOT NULL,
    "DESCRIPTION" VARCHAR(4000) DEFAULT NULL,
    "START_DATE" VARCHAR(8) NOT NULL,
    "END_DATE" VARCHAR(8) NOT NULL,
    "CUSERID" VARCHAR(24) NOT NULL,
    "CDATE" DATETIME NOT NULL,
    "UUSERID" VARCHAR(24) DEFAULT NULL,
    "UDATE" DATETIME DEFAULT NULL
);              
ALTER TABLE "PUBLIC"."HF_PDCA_ITEM" ADD CONSTRAINT "PUBLIC"."CONSTRAINT_C17" PRIMARY KEY("OID");              
-- 0 +/- SELECT COUNT(*) FROM PUBLIC.HF_PDCA_ITEM;            
CREATE INDEX "PUBLIC"."HF_PDCA_ITEM_IDX1" ON "PUBLIC"."HF_PDCA_ITEM"("TYPE"); 
CREATE CACHED TABLE "PUBLIC"."HF_PDCA_ITEM_OWNER"(
    "OID" CHAR(36) NOT NULL,
    "PDCA_OID" CHAR(36) NOT NULL,
    "ITEM_OID" CHAR(36) NOT NULL,
    "OWNER_UID" VARCHAR(24) NOT NULL,
    "CUSERID" VARCHAR(24) NOT NULL,
    "CDATE" DATETIME NOT NULL,
    "UUSERID" VARCHAR(24) DEFAULT NULL,
    "UDATE" DATETIME DEFAULT NULL
);            
ALTER TABLE "PUBLIC"."HF_PDCA_ITEM_OWNER" ADD CONSTRAINT "PUBLIC"."CONSTRAINT_A0" PRIMARY KEY("OID");         
-- 0 +/- SELECT COUNT(*) FROM PUBLIC.HF_PDCA_ITEM_OWNER;      
CREATE CACHED TABLE "PUBLIC"."HF_PDCA_OWNER"(
    "OID" CHAR(36) NOT NULL,
    "PDCA_OID" CHAR(36) NOT NULL,
    "OWNER_UID" VARCHAR(24) NOT NULL,
    "CUSERID" VARCHAR(24) NOT NULL,
    "CDATE" DATETIME NOT NULL,
    "UUSERID" VARCHAR(24) DEFAULT NULL,
    "UDATE" DATETIME DEFAULT NULL
);    
ALTER TABLE "PUBLIC"."HF_PDCA_OWNER" ADD CONSTRAINT "PUBLIC"."CONSTRAINT_6E" PRIMARY KEY("OID");              
-- 0 +/- SELECT COUNT(*) FROM PUBLIC.HF_PDCA_OWNER;           
ALTER TABLE "PUBLIC"."HF_KEY_RES" ADD CONSTRAINT "PUBLIC"."HF_KEY_RES_UK_1" UNIQUE("OBJ_OID", "NAME");        
ALTER TABLE "PUBLIC"."TB_SYS_EXPR_JOB" ADD CONSTRAINT "PUBLIC"."SYS_EXPR_JOB_UK_1" UNIQUE("ID");              
ALTER TABLE "PUBLIC"."TB_SYS_USESS" ADD CONSTRAINT "PUBLIC"."SYS_USESS_UK_1" UNIQUE("ACCOUNT", "SESSION_ID"); 
ALTER TABLE "PUBLIC"."TB_SYS" ADD CONSTRAINT "PUBLIC"."SYS_UK_1" UNIQUE("SYS_ID");            
ALTER TABLE "PUBLIC"."HF_EMPLOYEE_ORG" ADD CONSTRAINT "PUBLIC"."EMPLOYEE_ORG_UK_1" UNIQUE("ACCOUNT", "ORG_ID");               
ALTER TABLE "PUBLIC"."HF_KPI_ORGA" ADD CONSTRAINT "PUBLIC"."KPI_ORGA_UK_1" UNIQUE("KPI_ID", "ORG_ID");        
ALTER TABLE "PUBLIC"."TB_SYS_BEAN_HELP_EXPR" ADD CONSTRAINT "PUBLIC"."SYS_BEAN_HELP_EXPR_UK_1" UNIQUE("EXPR_ID", "HELP_OID", "RUN_TYPE");     
ALTER TABLE "PUBLIC"."HF_FORMULA" ADD CONSTRAINT "PUBLIC"."FORMULA_UK_1" UNIQUE("FOR_ID");    
ALTER TABLE "PUBLIC"."TB_ROLE" ADD CONSTRAINT "PUBLIC"."ROLE_UK_1" UNIQUE("ROLE");            
ALTER TABLE "PUBLIC"."HF_PDCA" ADD CONSTRAINT "PUBLIC"."HF_PDCA_UK_1" UNIQUE("NAME", "MST_TYPE", "MST_OID");  
ALTER TABLE "PUBLIC"."HF_PDCA_ITEM" ADD CONSTRAINT "PUBLIC"."HF_PDCA_ITEM_UK_1" UNIQUE("PDCA_OID", "NAME");   
ALTER TABLE "PUBLIC"."TB_ROLE_PERMISSION" ADD CONSTRAINT "PUBLIC"."ROLE_PERM_UK_1" UNIQUE("ROLE", "PERMISSION");              
ALTER TABLE "PUBLIC"."TB_USER_ROLE" ADD CONSTRAINT "PUBLIC"."USER_ROLE_UK_1" UNIQUE("ROLE", "ACCOUNT");       
ALTER TABLE "PUBLIC"."HF_KPI_EMPL" ADD CONSTRAINT "PUBLIC"."KPI_EMPL_UK_1" UNIQUE("KPI_ID", "ACCOUNT");       
ALTER TABLE "PUBLIC"."HF_KEY_RES_VAL" ADD CONSTRAINT "PUBLIC"."HF_KEY_RES_VAL_UK_1" UNIQUE("OBJ_OID", "RES_OID", "DATE");     
ALTER TABLE "PUBLIC"."TB_SYS_CODE" ADD CONSTRAINT "PUBLIC"."SYS_CODE_UK_1" UNIQUE("CODE");    
ALTER TABLE "PUBLIC"."TB_SYS_ICON" ADD CONSTRAINT "PUBLIC"."SYS_ICON_UK_1" UNIQUE("ICON_ID"); 
ALTER TABLE "PUBLIC"."HF_AGGREGATION_METHOD" ADD CONSTRAINT "PUBLIC"."HF_AGGR_METHOD_UK_1" UNIQUE("AGGR_ID"); 
ALTER TABLE "PUBLIC"."HF_EMPLOYEE" ADD CONSTRAINT "PUBLIC"."EMPLOYEE_UK_1" UNIQUE("ACCOUNT"); 
ALTER TABLE "PUBLIC"."HF_OBJECTIVE" ADD CONSTRAINT "PUBLIC"."HF_OBJECTIVE_UK_1" UNIQUE("NAME");               
ALTER TABLE "PUBLIC"."TB_SYS_MENU_ROLE" ADD CONSTRAINT "PUBLIC"."SYS_MENU_ROLE_UK_1" UNIQUE("PROG_ID", "ROLE");               
ALTER TABLE "PUBLIC"."TB_SYS_TEMPLATE_PARAM" ADD CONSTRAINT "PUBLIC"."SYS_TEMPLATE_PARAM_UK_1" UNIQUE("TEMPLATE_ID", "TEMPLATE_VAR", "IS_TITLE");             
ALTER TABLE "PUBLIC"."HF_PDCA_ITEM_OWNER" ADD CONSTRAINT "PUBLIC"."HF_PDCA_ITEM_OWNER_UK_1" UNIQUE("PDCA_OID", "ITEM_OID", "OWNER_UID");      
ALTER TABLE "PUBLIC"."TB_SYS_EXPRESSION" ADD CONSTRAINT "PUBLIC"."SYS_EXPRESSION_UK_1" UNIQUE("EXPR_ID");     
ALTER TABLE "PUBLIC"."TB_SYS_BEAN_HELP" ADD CONSTRAINT "PUBLIC"."SYS_BEAN_HELP_UK_1" UNIQUE("BEAN_ID", "METHOD", "SYSTEM");   
ALTER TABLE "PUBLIC"."TB_SYS_PROG" ADD CONSTRAINT "PUBLIC"."SYS_PROG_UK_1" UNIQUE("PROG_ID"); 
ALTER TABLE "PUBLIC"."HF_ORG_DEPT" ADD CONSTRAINT "PUBLIC"."ORG_DEPT_UK_1" UNIQUE("ORG_ID");  
ALTER TABLE "PUBLIC"."TB_ACCOUNT" ADD CONSTRAINT "PUBLIC"."ACCOUNT_UK_1" UNIQUE("ACCOUNT");   
ALTER TABLE "PUBLIC"."HF_OBJ_OWNER" ADD CONSTRAINT "PUBLIC"."HF_OBJ_OWNER_UK_1" UNIQUE("OBJ_OID", "ACCOUNT"); 
ALTER TABLE "PUBLIC"."TB_SYS_MAIL_HELPER" ADD CONSTRAINT "PUBLIC"."SYS_MAIL_HELPER_UK_1" UNIQUE("MAIL_ID");   
ALTER TABLE "PUBLIC"."HF_PDCA_OWNER" ADD CONSTRAINT "PUBLIC"."HF_PDCA_OWNER_UK1" UNIQUE("PDCA_OID", "OWNER_UID");             
ALTER TABLE "PUBLIC"."TB_SYS_TEMPLATE" ADD CONSTRAINT "PUBLIC"."SYS_TEMPLATE_UK_1" UNIQUE("TEMPLATE_ID");     
ALTER TABLE "PUBLIC"."TB_SYS_JREPORT" ADD CONSTRAINT "PUBLIC"."SYS_JREPORT_UK_1" UNIQUE("REPORT_ID");         
ALTER TABLE "PUBLIC"."TB_SYS_MENU" ADD CONSTRAINT "PUBLIC"."SYS_MENU_UK_1" UNIQUE("PROG_ID", "PARENT_OID");   
ALTER TABLE "PUBLIC"."HF_OBJ_DEPT" ADD CONSTRAINT "PUBLIC"."HF_OBJ_DEPT_UK_1" UNIQUE("OBJ_OID", "ORG_ID");    
ALTER TABLE "PUBLIC"."TB_SYS_BEAN_HELP_EXPR_MAP" ADD CONSTRAINT "PUBLIC"."SYS_BEAN_HELP_EXPR_MAP_UK_1" UNIQUE("VAR_NAME", "HELP_EXPR_OID");   
ALTER TABLE "PUBLIC"."TB_SYS_JREPORT_PARAM" ADD CONSTRAINT "PUBLIC"."SYS_JREPORT_PARAM_UK_1" UNIQUE("REPORT_ID", "RPT_PARAM");
ALTER TABLE "PUBLIC"."HF_MEASURE_DATA" ADD CONSTRAINT "PUBLIC"."MEASURE_DATA_UK_1" UNIQUE("KPI_ID", "DATE", "FREQUENCY", "ORG_ID", "ACCOUNT");
ALTER TABLE "PUBLIC"."HF_KPI" ADD CONSTRAINT "PUBLIC"."KPI_UK_1" UNIQUE("ID");
